case,revision,repeat,histogram_count,states,histogram_seconds,ledger_seconds,metric_to_ledger_ratio
success,affected,0,1,finished,3.781600003094354e-05,0.003329059,0.011359366124464462
success,affected,1,1,finished,3.382999989298696e-05,0.005271411,0.006417636547973012
success,affected,2,1,finished,3.8406999919970986e-05,0.010284708,0.0037343792278760842
success,affected,3,1,finished,3.137700014121947e-05,0.002315815,0.01354900980485033
success,affected,4,1,finished,3.124599993498123e-05,0.005280104,0.00591768645749804
success,affected,5,1,finished,3.314000014142948e-05,0.010354741,0.003200466350769129
success,affected,6,1,finished,3.344000015204074e-05,0.002245079,0.01489479886990201
success,affected,7,1,finished,3.158699996674841e-05,0.005300262,0.00595951671195658
success,affected,8,1,finished,3.2467999972141115e-05,0.010370668,0.0031307530018453117
success,affected,9,1,finished,3.220799999326118e-05,0.003290554,0.009788017456410435
success,affected,10,1,finished,4.430599983606953e-05,0.005530297,0.008011504596601146
success,affected,11,1,finished,3.515200000947516e-05,0.010442863,0.0033661267039005642
success,affected,12,1,finished,3.100699996139156e-05,0.00224523,0.013810166424549627
success,affected,13,1,finished,3.170700006194238e-05,0.005350749,0.005925712467907274
success,affected,14,1,finished,3.170700006194238e-05,0.01031411,0.0030741382496349548
success,affected,15,1,finished,3.8828000015200814e-05,0.002257278,0.017201248590205023
success,affected,16,1,finished,4.0159000036510406e-05,0.005290239,0.007591150425625459
success,affected,17,1,finished,3.4260999882462784e-05,0.01104644,0.003101542205675565
success,affected,18,1,finished,3.131599987682421e-05,0.002278336,0.013745119190858681
success,affected,19,1,finished,3.3218999988093856e-05,0.005342336,0.00621806640168156
success,fixed,0,1,finished,0.0024899659999846335,0.002312402,1.0767876865634236
success,fixed,1,1,finished,0.005374022999831141,0.005313643,1.0113632022006636
success,fixed,2,1,finished,0.010635018999892054,0.010478736,1.014914298813526
success,fixed,3,1,finished,0.002382963999934873,0.00230561,1.033550340228778
success,fixed,4,1,finished,0.005469284999890078,0.005332031,1.0257414107101175
success,fixed,5,1,finished,0.01050286200006667,0.010356013,1.0141800710434286
success,fixed,6,1,finished,0.0023034260000258655,0.002239051,1.0287510199749204
success,fixed,7,1,finished,0.005337657999916701,0.005277869,1.0113282462896864
success,fixed,8,1,finished,0.01045921900004032,0.010334224,1.0120952477941567
success,fixed,9,1,finished,0.002318017999868971,0.002251739,1.029434583612475
success,fixed,10,1,finished,0.005352092000066477,0.005285333,1.0126309922319894
success,fixed,11,1,finished,0.010585474999970756,0.010441862,1.0137535814944458
success,fixed,12,1,finished,0.0023135310000270692,0.002253802,1.026501440688698
success,fixed,13,1,finished,0.0055052089999207965,0.00537831,1.0235945863888092
success,fixed,14,1,finished,0.010344263999968462,0.010276914,1.0065535237492949
success,fixed,15,1,finished,0.0024529579998215922,0.002288764,1.0717391569517838
success,fixed,16,1,finished,0.005512899999985166,0.005372822,1.0260715877029176
success,fixed,17,1,finished,0.010351517000117383,0.010287292,1.0062431396053872
success,fixed,18,1,finished,0.0024679969999397144,0.002326557,1.060793696410496
success,fixed,19,1,finished,0.005367273000047135,0.005306323,1.011486296640279
handled_inside,affected,0,1,finished,3.227800016247784e-05,0.002270578,0.014215763634844447
handled_inside,affected,1,1,finished,3.612399996200111e-05,0.005261696,0.00686546694487882
handled_inside,affected,2,1,finished,3.340900002513081e-05,0.010249035,0.003259721527454127
handled_inside,affected,3,1,finished,3.3540000003995374e-05,0.002304539,0.014553886917945574
handled_inside,affected,4,1,finished,4.19919999785634e-05,0.005309528,0.007908800928926903
handled_inside,affected,5,1,finished,3.272899994044565e-05,0.010315725,0.00317272900745664
handled_inside,affected,6,1,finished,3.1768000098963967e-05,0.003349141,0.00948541733506113
handled_inside,affected,7,1,finished,3.326000000924978e-05,0.005269247,0.006312097346973823
handled_inside,affected,8,1,finished,3.413099989302282e-05,0.010275784,0.003321498378422787
handled_inside,affected,9,1,finished,3.22579999192385e-05,0.003341661,0.009653283178406935
handled_inside,affected,10,1,finished,3.173700019942771e-05,0.006327864,0.005015436520037048
handled_inside,affected,11,1,finished,5.361900002753828e-05,0.010361338,0.005174910810509056
handled_inside,affected,12,1,finished,6.098099993323558e-05,0.002264288,0.02693164470828604
handled_inside,affected,13,1,finished,3.877699987242522e-05,0.005302286,0.007313260709140401
handled_inside,affected,14,1,finished,3.983999999945809e-05,0.010298018,0.003868705609123822
handled_inside,affected,15,1,finished,3.3779999967009644e-05,0.008362869,0.004039283643808081
handled_inside,affected,16,1,finished,3.268899990871432e-05,0.00534773,0.006112687048282976
handled_inside,affected,17,1,finished,3.53629998244287e-05,0.013773597,0.0025674484177538154
handled_inside,affected,18,1,finished,9.584300005371915e-05,0.002354619,0.04070424983987607
handled_inside,affected,19,1,finished,3.159700008836808e-05,0.00528776,0.005975498148245775
handled_inside,fixed,0,1,finished,0.0023541019997992407,0.002260813,1.0412634745992884
handled_inside,fixed,1,1,finished,0.00547381100000166,0.005324709,1.028001905832161
handled_inside,fixed,2,1,finished,0.010472046999893792,0.010332379,1.013517506461367
handled_inside,fixed,3,1,finished,0.00237749600000825,0.002311769,1.0284314739094824
handled_inside,fixed,4,1,finished,0.005414322999968135,0.005290829,1.0233411436975444
handled_inside,fixed,5,1,finished,0.010468681999782348,0.010376625,1.008871574310756
handled_inside,fixed,6,1,finished,0.002421521000087523,0.002359389,1.026333936492678
handled_inside,fixed,7,1,finished,0.005458547999978691,0.00537898,1.0147923955803313
handled_inside,fixed,8,1,finished,0.010407718999886129,0.010315343,1.0089552039021998
handled_inside,fixed,9,1,finished,0.002404327000022022,0.002321172,1.0358245748363422
handled_inside,fixed,10,1,finished,0.005537347999961639,0.005401005,1.025244005506686
handled_inside,fixed,11,1,finished,0.01040345499995965,0.010309625,1.0091012039681027
handled_inside,fixed,12,1,finished,0.0024949999999535066,0.002325899,1.072703500862895
handled_inside,fixed,13,1,finished,0.00535969199995634,0.005293814,1.0124443359657782
handled_inside,fixed,14,1,finished,0.010367481000002954,0.01029958,1.0065925989217963
handled_inside,fixed,15,1,finished,0.0023718780000763218,0.002300942,1.0308291126314013
handled_inside,fixed,16,1,finished,0.005368074999978489,0.005298862,1.0130618612031206
handled_inside,fixed,17,1,finished,0.010505767000040578,0.010363845,1.0136939523932071
handled_inside,fixed,18,1,finished,0.0024893719998999586,0.002350606,1.0590341383881257
handled_inside,fixed,19,1,finished,0.005311450000135665,0.005249598,1.0117822355417814
escaped,affected,0,1,finished,3.227799993510416e-05,0.002317969,0.013925121490021723
escaped,affected,1,1,finished,5.5732999953761464e-05,0.005451849,0.010222770284679833
escaped,affected,2,1,finished,3.289900018899061e-05,0.010268784,0.0032037873412266355
escaped,affected,3,1,finished,4.3434999952296494e-05,0.002303677,0.018854639757351615
escaped,affected,4,1,finished,3.15969998609944e-05,0.006368002,0.004961838872066058
escaped,affected,5,1,finished,3.141700017295079e-05,0.010342734,0.0030375914311390776
escaped,affected,6,1,finished,3.155600006721215e-05,0.002285099,0.01380946736540174
escaped,affected,7,1,finished,3.2329000077879755e-05,0.006346128,0.005094287426581965
escaped,affected,8,1,finished,4.2393000057927566e-05,0.011354107,0.003733715038789714
escaped,affected,9,1,finished,0.00010490599993318028,0.002342464,0.044784466242887955
escaped,affected,10,1,finished,3.2387999908678466e-05,0.005329759,0.0060768225934190396
escaped,affected,11,1,finished,3.440099999352242e-05,0.010333892,0.0033289490536114
escaped,affected,12,1,finished,3.224800002499251e-05,0.002270037,0.014205935861394554
escaped,affected,13,1,finished,3.0745000003662426e-05,0.006328132,0.004858463762080567
escaped,affected,14,1,finished,4.6077999968474614e-05,0.010368993,0.004443825930683396
escaped,affected,15,1,finished,3.255800015722343e-05,0.003225618,0.01009356971508202
escaped,affected,16,1,finished,3.0846000072415336e-05,0.005236829,0.005890205708915707
escaped,affected,17,1,finished,3.8828000015200814e-05,0.01031951,0.003762581751963108
escaped,affected,18,1,finished,3.245800007789512e-05,0.002315404,0.014018287986845976
escaped,affected,19,1,finished,4.003000003649504e-05,0.005396687,0.00741751375176938
escaped,fixed,0,1,exception,0.0023334910001722164,0.002267143,1.0292650265873022
escaped,fixed,1,1,exception,0.005460071000015887,0.005320484,1.0262357710343433
escaped,fixed,2,1,exception,0.010746374000063952,0.010516272,1.0218805675684266
escaped,fixed,3,1,exception,0.0023726990000341175,0.002297788,1.032601354012693
escaped,fixed,4,1,exception,0.005709492000050886,0.005576425,1.023862420825329
escaped,fixed,5,1,exception,0.010342333000153303,0.010274131,1.0066382256711834
escaped,fixed,6,1,exception,0.00246170099990195,0.002320442,1.0608759020488123
escaped,fixed,7,1,exception,0.0053791049999745155,0.005300318,1.0148645798185156
escaped,fixed,8,1,exception,0.01059193400010372,0.010400439,1.0184122035717647
escaped,fixed,9,1,exception,0.002536443000053623,0.002340061,1.083921743943266
escaped,fixed,10,1,exception,0.005501614999957383,0.005340685,1.030132838757085
escaped,fixed,11,1,exception,0.010390685000174926,0.010323175,1.0065396547258887
escaped,fixed,12,1,exception,0.00248391500008438,0.002276167,1.0912709832294292
escaped,fixed,13,1,exception,0.005365721000089252,0.005294916,1.0133722612576388
escaped,fixed,14,1,exception,0.010520338000105767,0.010378567,1.0136599783096998
escaped,fixed,15,1,exception,0.002515602000130457,0.002303416,1.0921179674580956
escaped,fixed,16,1,exception,0.00546405699992647,0.005322336,1.0266275935841835
escaped,fixed,17,1,exception,0.010473908999983905,0.010383354,1.0087211704410641
escaped,fixed,18,1,exception,0.002414592000150151,0.002351027,1.027037120437218
escaped,fixed,19,1,exception,0.005407663999903889,0.005324209,1.0156746288329195
repeat,affected,0,1,finished,3.241799981879012e-05,0.008709767,0.0037220283641100985
repeat,affected,1,1,finished,6.576800001312222e-05,0.018876776,0.0034840695261268246
repeat,affected,2,1,finished,7.3078000013993e-05,0.032864171,0.002223637407862593
repeat,affected,3,1,finished,4.003000003649504e-05,0.008737167,0.004581576618198443
repeat,affected,4,1,finished,3.333999984533875e-05,0.017730463,0.0018803795391772204
repeat,affected,5,1,finished,3.6012999999002204e-05,0.03284239,0.0010965401725940836
repeat,affected,6,1,finished,3.230800007258949e-05,0.013531003,0.002387701789186618
repeat,affected,7,1,finished,3.206699989277695e-05,0.018807474,0.0017050136500402417
repeat,affected,8,1,finished,3.2537999913984095e-05,0.032789215,0.0009923384842846679
repeat,affected,9,1,finished,4.0229999967777985e-05,0.008704058,0.004621982064891799
repeat,affected,10,1,finished,3.144699985568877e-05,0.018714621,0.0016803439329970279
repeat,affected,11,1,finished,4.604900004778756e-05,0.03278708,0.001404486158809737
repeat,affected,12,1,finished,3.407000008337491e-05,0.010581461,0.0032197822288788764
repeat,affected,13,1,finished,6.463600016104465e-05,0.017710623,0.0036495610663184828
repeat,affected,14,1,finished,3.199799994035857e-05,0.032766028,0.0009765602330669608
repeat,affected,15,1,finished,3.114600008302659e-05,0.008787631,0.00354429994648462
repeat,affected,16,1,finished,3.214800017303787e-05,0.017866124,0.0017993830207961095
repeat,affected,17,1,finished,3.736600001502666e-05,0.032771935,0.0011401829039092949
repeat,affected,18,1,finished,3.830700006801635e-05,0.008842934,0.004331933277803086
repeat,affected,19,1,finished,3.168700004607672e-05,0.017839215,0.0017762552918430953
repeat,fixed,0,3,finished,0.008804987999837977,0.008676178,1.0148463989371792
repeat,fixed,1,3,finished,0.017961543999945206,0.017651784,1.0175483679125694
repeat,fixed,2,3,finished,0.033023392999893986,0.032749486,1.0083637037813047
repeat,fixed,3,3,finished,0.00886989600007837,0.008643299,1.026216494428617
repeat,fixed,4,3,finished,0.01782874799982892,0.01768761,1.0079794839341731
repeat,fixed,5,3,finished,0.03305049499999768,0.032796916,1.007731794050321
repeat,fixed,6,3,finished,0.008887196999921798,0.008660079,1.0262258577458472
repeat,fixed,7,3,finished,0.01785656799984281,0.017680467,1.0099602007030024
repeat,fixed,8,3,finished,0.032917101999828446,0.032725155,1.0058654267589702
repeat,fixed,9,3,finished,0.008766439999817521,0.008638189,1.0148469777423859
repeat,fixed,10,3,finished,0.017878375999998752,0.017740763,1.0077568817078923
repeat,fixed,11,3,finished,0.032947503000286815,0.032746684,1.0061324987985598
repeat,fixed,12,3,finished,0.008940870000060386,0.008705811,1.0270002415697268
repeat,fixed,13,3,finished,0.01801556699979301,0.017785526,1.0129341690424567
repeat,fixed,14,3,finished,0.03284169900007328,0.032699296,1.004354925563941
repeat,fixed,15,3,finished,0.008817976999807797,0.008676906,1.0162582145995125
repeat,fixed,16,3,finished,0.01811092900015865,0.017803773,1.017252298159421
repeat,fixed,17,3,finished,0.033287012000073446,0.03313826,1.004488829530381
repeat,fixed,18,3,finished,0.008805948000372155,0.00867903,1.0146235236394106
repeat,fixed,19,3,finished,0.018016006000380003,0.017776221,1.0134890874939058
lifecycle,affected,0,1,finished,5.811699998048425e-05,0.005551352,0.010468981246457485
lifecycle,affected,1,1,finished,3.42410000939708e-05,0.01633139,0.0020966372178957697
lifecycle,affected,2,1,finished,3.267800002504373e-05,0.02166492,0.0015083369809370968
lifecycle,affected,3,1,finished,3.3059000088542234e-05,0.005551158,0.00595533402013458
lifecycle,affected,4,1,finished,3.812699992522539e-05,0.012580807,0.0030305687008174748
lifecycle,affected,5,1,finished,3.4291000019948115e-05,0.027873443,0.0012302391211573007
lifecycle,affected,6,1,finished,7.369900004050578e-05,0.005684915,0.012963958131389086
lifecycle,affected,7,1,finished,3.170700006194238e-05,0.011523459,0.002751517583560837
lifecycle,affected,8,1,finished,3.6034000004292466e-05,0.022640697,0.001591558775964029
lifecycle,affected,9,1,finished,3.3420000136175076e-05,0.005533132,0.006039978828658901
lifecycle,affected,10,1,finished,3.326999990349577e-05,0.011534318,0.0028844358117658775
lifecycle,affected,11,1,finished,4.011000009995769e-05,0.021600397,0.0018569103197481828
lifecycle,affected,12,1,finished,3.244799995627545e-05,0.005542265,0.005854646061903473
lifecycle,affected,13,1,finished,3.787600007854053e-05,0.011554057,0.0032781558961099575
lifecycle,affected,14,1,finished,3.2648000114932074e-05,0.022716909,0.00143716735912144
lifecycle,affected,15,1,finished,3.29189999774826e-05,0.005457608,0.0060317633618029365
lifecycle,affected,16,1,finished,3.2857999940461013e-05,0.011729688,0.0028012680252416785
lifecycle,affected,17,1,finished,5.460199986373482e-05,0.021604375,0.0025273584569669256
lifecycle,affected,18,1,finished,5.790599993815704e-05,0.024533171,0.0023603145283647613
lifecycle,affected,19,1,finished,4.366500002106477e-05,0.011709046,0.003729168031372049
lifecycle,fixed,0,2,finished,0.006545519999917815,0.006428817,1.0181531065385458
lifecycle,fixed,1,2,finished,0.011600054000155069,0.011488858,1.0096785947006282
lifecycle,fixed,2,2,finished,0.021771549000277446,0.02158403,1.0086878585823613
lifecycle,fixed,3,2,finished,0.005680264000147872,0.005476271,1.037250347937104
lifecycle,fixed,4,2,finished,0.011625671000047078,0.01150418,1.0105605962395476
lifecycle,fixed,5,2,finished,0.021658694999814543,0.021494702,1.0076294614279622
lifecycle,fixed,6,2,finished,0.005868107000196687,0.005653809,1.037903296732643
lifecycle,fixed,7,2,finished,0.01192623899987666,0.011757738,1.0143310728540353
lifecycle,fixed,8,2,finished,0.021578145000148652,0.021470315,1.005022283098718
lifecycle,fixed,9,2,finished,0.005515826000191737,0.005415337,1.0185563705807665
lifecycle,fixed,10,2,finished,0.011562970999875688,0.011453186,1.0095855423875668
lifecycle,fixed,11,2,finished,0.021764040999869394,0.021648117,1.0053549230110588
lifecycle,fixed,12,2,finished,0.005606238999916968,0.005486712,1.0217848139135002
lifecycle,fixed,13,2,finished,0.011611491999701684,0.011495739,1.010069209095795
lifecycle,fixed,14,2,finished,0.02167780399986441,0.021559918,1.0054678315503986
lifecycle,fixed,15,2,finished,0.005661370000098032,0.005469345,1.0351093229807284
lifecycle,fixed,16,2,finished,0.011859449999747085,0.011645801,1.0183455822186112
lifecycle,fixed,17,2,finished,0.021597474000145667,0.021484346,1.0052656012962027
lifecycle,fixed,18,2,finished,0.0056504840001707635,0.005463756,1.0341757575138355
lifecycle,fixed,19,2,finished,0.011602066000250488,0.01147708,1.0108900521953743
