case,revision,repeat,declared_expectation,ledger,direct,name,timing_eligible,epsilon_ns,raw_path
as_completed_generator,fixed,0,fail,fail,fail,fail,True,4948,results/evaluation/as_completed_generator__fixed__000.json
as_completed_generator,fixed,1,fail,fail,fail,fail,True,5468,results/evaluation/as_completed_generator__fixed__001.json
as_completed_generator,fixed,2,fail,fail,fail,fail,True,6250,results/evaluation/as_completed_generator__fixed__002.json
as_completed_generator,fixed,3,fail,fail,fail,fail,True,6670,results/evaluation/as_completed_generator__fixed__003.json
as_completed_generator,fixed,4,fail,fail,fail,fail,True,4828,results/evaluation/as_completed_generator__fixed__004.json
as_completed_generator,fixed,5,fail,fail,fail,fail,True,4066,results/evaluation/as_completed_generator__fixed__005.json
as_completed_generator,fixed,6,fail,fail,fail,fail,True,5008,results/evaluation/as_completed_generator__fixed__006.json
as_completed_generator,fixed,7,fail,fail,fail,fail,True,5950,results/evaluation/as_completed_generator__fixed__007.json
as_completed_generator,fixed,8,fail,fail,fail,fail,True,4246,results/evaluation/as_completed_generator__fixed__008.json
as_completed_generator,fixed,9,fail,fail,fail,fail,True,5168,results/evaluation/as_completed_generator__fixed__009.json
as_completed_generator,fixed,10,fail,fail,fail,fail,True,5848,results/evaluation/as_completed_generator__fixed__010.json
as_completed_generator,fixed,11,fail,fail,fail,fail,True,4568,results/evaluation/as_completed_generator__fixed__011.json
as_completed_generator,fixed,12,fail,fail,fail,fail,True,31406,results/evaluation/as_completed_generator__fixed__012.json
as_completed_generator,fixed,13,fail,fail,fail,fail,True,4428,results/evaluation/as_completed_generator__fixed__013.json
as_completed_generator,fixed,14,fail,fail,fail,fail,True,45486,results/evaluation/as_completed_generator__fixed__014.json
as_completed_generator,fixed,15,fail,fail,fail,fail,True,4146,results/evaluation/as_completed_generator__fixed__015.json
as_completed_generator,fixed,16,fail,fail,fail,fail,True,4128,results/evaluation/as_completed_generator__fixed__016.json
as_completed_generator,fixed,17,fail,fail,fail,fail,True,5948,results/evaluation/as_completed_generator__fixed__017.json
as_completed_generator,fixed,18,fail,fail,fail,fail,True,4746,results/evaluation/as_completed_generator__fixed__018.json
as_completed_generator,fixed,19,fail,fail,fail,fail,True,4328,results/evaluation/as_completed_generator__fixed__019.json
as_completed_generator,local-shape-fix,0,pass,pass,pass,pass,True,4286,results/evaluation/as_completed_generator__local-shape-fix__000.json
as_completed_generator,local-shape-fix,1,pass,pass,pass,pass,True,3966,results/evaluation/as_completed_generator__local-shape-fix__001.json
as_completed_generator,local-shape-fix,2,pass,pass,pass,pass,True,4668,results/evaluation/as_completed_generator__local-shape-fix__002.json
as_completed_generator,local-shape-fix,3,pass,pass,pass,pass,True,4488,results/evaluation/as_completed_generator__local-shape-fix__003.json
as_completed_generator,local-shape-fix,4,pass,pass,pass,pass,True,4908,results/evaluation/as_completed_generator__local-shape-fix__004.json
as_completed_generator,local-shape-fix,5,pass,pass,pass,pass,True,6190,results/evaluation/as_completed_generator__local-shape-fix__005.json
as_completed_generator,local-shape-fix,6,pass,pass,pass,pass,True,4006,results/evaluation/as_completed_generator__local-shape-fix__006.json
as_completed_generator,local-shape-fix,7,pass,pass,pass,pass,True,4748,results/evaluation/as_completed_generator__local-shape-fix__007.json
as_completed_generator,local-shape-fix,8,pass,pass,pass,pass,True,4006,results/evaluation/as_completed_generator__local-shape-fix__008.json
as_completed_generator,local-shape-fix,9,pass,pass,pass,pass,True,5268,results/evaluation/as_completed_generator__local-shape-fix__009.json
as_completed_generator,local-shape-fix,10,pass,pass,pass,pass,True,51556,results/evaluation/as_completed_generator__local-shape-fix__010.json
as_completed_generator,local-shape-fix,11,pass,pass,pass,pass,True,4066,results/evaluation/as_completed_generator__local-shape-fix__011.json
as_completed_generator,local-shape-fix,12,pass,pass,pass,pass,True,4268,results/evaluation/as_completed_generator__local-shape-fix__012.json
as_completed_generator,local-shape-fix,13,pass,pass,pass,pass,True,4226,results/evaluation/as_completed_generator__local-shape-fix__013.json
as_completed_generator,local-shape-fix,14,pass,pass,pass,pass,True,4386,results/evaluation/as_completed_generator__local-shape-fix__014.json
as_completed_generator,local-shape-fix,15,pass,pass,pass,pass,True,88712,results/evaluation/as_completed_generator__local-shape-fix__015.json
as_completed_generator,local-shape-fix,16,pass,pass,pass,pass,True,3986,results/evaluation/as_completed_generator__local-shape-fix__016.json
as_completed_generator,local-shape-fix,17,pass,pass,pass,pass,True,18788,results/evaluation/as_completed_generator__local-shape-fix__017.json
as_completed_generator,local-shape-fix,18,pass,pass,pass,pass,True,3786,results/evaluation/as_completed_generator__local-shape-fix__018.json
as_completed_generator,local-shape-fix,19,pass,pass,pass,pass,True,4146,results/evaluation/as_completed_generator__local-shape-fix__019.json
as_completed_list,fixed,0,pass,pass,pass,pass,True,4166,results/evaluation/as_completed_list__fixed__000.json
as_completed_list,fixed,1,pass,pass,pass,pass,True,3806,results/evaluation/as_completed_list__fixed__001.json
as_completed_list,fixed,2,pass,pass,pass,pass,True,7550,results/evaluation/as_completed_list__fixed__002.json
as_completed_list,fixed,3,pass,pass,pass,pass,True,4368,results/evaluation/as_completed_list__fixed__003.json
as_completed_list,fixed,4,pass,pass,pass,pass,True,4066,results/evaluation/as_completed_list__fixed__004.json
as_completed_list,fixed,5,pass,pass,pass,pass,True,4246,results/evaluation/as_completed_list__fixed__005.json
as_completed_list,fixed,6,pass,pass,pass,pass,True,3746,results/evaluation/as_completed_list__fixed__006.json
as_completed_list,fixed,7,pass,pass,pass,pass,True,4166,results/evaluation/as_completed_list__fixed__007.json
as_completed_list,fixed,8,pass,pass,pass,pass,True,24256,results/evaluation/as_completed_list__fixed__008.json
as_completed_list,fixed,9,pass,pass,pass,pass,True,3706,results/evaluation/as_completed_list__fixed__009.json
as_completed_list,fixed,10,pass,pass,pass,pass,True,5608,results/evaluation/as_completed_list__fixed__010.json
as_completed_list,fixed,11,pass,pass,pass,pass,True,4566,results/evaluation/as_completed_list__fixed__011.json
as_completed_list,fixed,12,pass,pass,pass,pass,True,3826,results/evaluation/as_completed_list__fixed__012.json
as_completed_list,fixed,13,pass,pass,pass,pass,True,5988,results/evaluation/as_completed_list__fixed__013.json
as_completed_list,fixed,14,pass,pass,pass,pass,True,13098,results/evaluation/as_completed_list__fixed__014.json
as_completed_list,fixed,15,pass,pass,pass,pass,True,3646,results/evaluation/as_completed_list__fixed__015.json
as_completed_list,fixed,16,pass,pass,pass,pass,True,4128,results/evaluation/as_completed_list__fixed__016.json
as_completed_list,fixed,17,pass,pass,pass,pass,True,8252,results/evaluation/as_completed_list__fixed__017.json
as_completed_list,fixed,18,pass,pass,pass,pass,True,8112,results/evaluation/as_completed_list__fixed__018.json
as_completed_list,fixed,19,pass,pass,pass,pass,True,5608,results/evaluation/as_completed_list__fixed__019.json
as_completed_list,local-shape-fix,0,pass,pass,pass,pass,True,3326,results/evaluation/as_completed_list__local-shape-fix__000.json
as_completed_list,local-shape-fix,1,pass,pass,pass,pass,True,5428,results/evaluation/as_completed_list__local-shape-fix__001.json
as_completed_list,local-shape-fix,2,pass,pass,pass,pass,True,4046,results/evaluation/as_completed_list__local-shape-fix__002.json
as_completed_list,local-shape-fix,3,pass,pass,pass,pass,True,5008,results/evaluation/as_completed_list__local-shape-fix__003.json
as_completed_list,local-shape-fix,4,pass,pass,pass,pass,True,4768,results/evaluation/as_completed_list__local-shape-fix__004.json
as_completed_list,local-shape-fix,5,pass,pass,pass,pass,True,4106,results/evaluation/as_completed_list__local-shape-fix__005.json
as_completed_list,local-shape-fix,6,pass,pass,pass,pass,True,8214,results/evaluation/as_completed_list__local-shape-fix__006.json
as_completed_list,local-shape-fix,7,pass,pass,pass,pass,True,6128,results/evaluation/as_completed_list__local-shape-fix__007.json
as_completed_list,local-shape-fix,8,pass,pass,pass,pass,True,3906,results/evaluation/as_completed_list__local-shape-fix__008.json
as_completed_list,local-shape-fix,9,pass,pass,pass,pass,True,4106,results/evaluation/as_completed_list__local-shape-fix__009.json
as_completed_list,local-shape-fix,10,pass,pass,pass,pass,True,6650,results/evaluation/as_completed_list__local-shape-fix__010.json
as_completed_list,local-shape-fix,11,pass,pass,pass,pass,True,4546,results/evaluation/as_completed_list__local-shape-fix__011.json
as_completed_list,local-shape-fix,12,pass,pass,pass,pass,True,3966,results/evaluation/as_completed_list__local-shape-fix__012.json
as_completed_list,local-shape-fix,13,pass,pass,pass,pass,True,7912,results/evaluation/as_completed_list__local-shape-fix__013.json
as_completed_list,local-shape-fix,14,pass,pass,pass,pass,True,5308,results/evaluation/as_completed_list__local-shape-fix__014.json
as_completed_list,local-shape-fix,15,pass,pass,pass,pass,True,4288,results/evaluation/as_completed_list__local-shape-fix__015.json
as_completed_list,local-shape-fix,16,pass,pass,pass,pass,True,4346,results/evaluation/as_completed_list__local-shape-fix__016.json
as_completed_list,local-shape-fix,17,pass,pass,pass,pass,True,4146,results/evaluation/as_completed_list__local-shape-fix__017.json
as_completed_list,local-shape-fix,18,pass,pass,pass,pass,True,5588,results/evaluation/as_completed_list__local-shape-fix__018.json
as_completed_list,local-shape-fix,19,pass,pass,pass,pass,True,5908,results/evaluation/as_completed_list__local-shape-fix__019.json
as_completed_tuple,fixed,0,fail,fail,fail,fail,True,43784,results/evaluation/as_completed_tuple__fixed__000.json
as_completed_tuple,fixed,1,fail,fail,fail,fail,True,4066,results/evaluation/as_completed_tuple__fixed__001.json
as_completed_tuple,fixed,2,fail,fail,fail,fail,True,4266,results/evaluation/as_completed_tuple__fixed__002.json
as_completed_tuple,fixed,3,fail,fail,fail,fail,False,364342,results/evaluation/as_completed_tuple__fixed__003.json
as_completed_tuple,fixed,4,fail,fail,fail,fail,True,5168,results/evaluation/as_completed_tuple__fixed__004.json
as_completed_tuple,fixed,5,fail,fail,fail,fail,True,3486,results/evaluation/as_completed_tuple__fixed__005.json
as_completed_tuple,fixed,6,fail,fail,fail,fail,True,47350,results/evaluation/as_completed_tuple__fixed__006.json
as_completed_tuple,fixed,7,fail,fail,fail,fail,True,4186,results/evaluation/as_completed_tuple__fixed__007.json
as_completed_tuple,fixed,8,fail,fail,fail,fail,True,5488,results/evaluation/as_completed_tuple__fixed__008.json
as_completed_tuple,fixed,9,fail,fail,fail,fail,True,5126,results/evaluation/as_completed_tuple__fixed__009.json
as_completed_tuple,fixed,10,fail,fail,fail,fail,True,3826,results/evaluation/as_completed_tuple__fixed__010.json
as_completed_tuple,fixed,11,fail,fail,fail,fail,True,4126,results/evaluation/as_completed_tuple__fixed__011.json
as_completed_tuple,fixed,12,fail,fail,fail,fail,True,4306,results/evaluation/as_completed_tuple__fixed__012.json
as_completed_tuple,fixed,13,fail,fail,fail,fail,True,4286,results/evaluation/as_completed_tuple__fixed__013.json
as_completed_tuple,fixed,14,fail,fail,fail,fail,True,6890,results/evaluation/as_completed_tuple__fixed__014.json
as_completed_tuple,fixed,15,fail,fail,fail,fail,True,4026,results/evaluation/as_completed_tuple__fixed__015.json
as_completed_tuple,fixed,16,fail,fail,fail,fail,True,4646,results/evaluation/as_completed_tuple__fixed__016.json
as_completed_tuple,fixed,17,fail,fail,fail,fail,True,4426,results/evaluation/as_completed_tuple__fixed__017.json
as_completed_tuple,fixed,18,fail,fail,fail,fail,True,4986,results/evaluation/as_completed_tuple__fixed__018.json
as_completed_tuple,fixed,19,fail,fail,fail,fail,True,4466,results/evaluation/as_completed_tuple__fixed__019.json
as_completed_tuple,local-shape-fix,0,pass,pass,pass,pass,True,4708,results/evaluation/as_completed_tuple__local-shape-fix__000.json
as_completed_tuple,local-shape-fix,1,pass,pass,pass,pass,True,6450,results/evaluation/as_completed_tuple__local-shape-fix__001.json
as_completed_tuple,local-shape-fix,2,pass,pass,pass,pass,True,4186,results/evaluation/as_completed_tuple__local-shape-fix__002.json
as_completed_tuple,local-shape-fix,3,pass,pass,pass,pass,True,4766,results/evaluation/as_completed_tuple__local-shape-fix__003.json
as_completed_tuple,local-shape-fix,4,pass,inconclusive,inconclusive,pass,False,127110,results/evaluation/as_completed_tuple__local-shape-fix__004.json
as_completed_tuple,local-shape-fix,5,pass,pass,pass,pass,True,8794,results/evaluation/as_completed_tuple__local-shape-fix__005.json
as_completed_tuple,local-shape-fix,6,pass,pass,pass,pass,True,48854,results/evaluation/as_completed_tuple__local-shape-fix__006.json
as_completed_tuple,local-shape-fix,7,pass,pass,pass,pass,True,4106,results/evaluation/as_completed_tuple__local-shape-fix__007.json
as_completed_tuple,local-shape-fix,8,pass,pass,pass,pass,True,4786,results/evaluation/as_completed_tuple__local-shape-fix__008.json
as_completed_tuple,local-shape-fix,9,pass,pass,pass,pass,True,4566,results/evaluation/as_completed_tuple__local-shape-fix__009.json
as_completed_tuple,local-shape-fix,10,pass,pass,pass,pass,True,4006,results/evaluation/as_completed_tuple__local-shape-fix__010.json
as_completed_tuple,local-shape-fix,11,pass,pass,pass,pass,True,4004,results/evaluation/as_completed_tuple__local-shape-fix__011.json
as_completed_tuple,local-shape-fix,12,pass,pass,pass,pass,True,4786,results/evaluation/as_completed_tuple__local-shape-fix__012.json
as_completed_tuple,local-shape-fix,13,pass,pass,pass,pass,True,4788,results/evaluation/as_completed_tuple__local-shape-fix__013.json
as_completed_tuple,local-shape-fix,14,pass,pass,pass,pass,True,4326,results/evaluation/as_completed_tuple__local-shape-fix__014.json
as_completed_tuple,local-shape-fix,15,pass,pass,pass,pass,True,4026,results/evaluation/as_completed_tuple__local-shape-fix__015.json
as_completed_tuple,local-shape-fix,16,pass,pass,pass,pass,True,45148,results/evaluation/as_completed_tuple__local-shape-fix__016.json
as_completed_tuple,local-shape-fix,17,pass,pass,pass,pass,True,10956,results/evaluation/as_completed_tuple__local-shape-fix__017.json
as_completed_tuple,local-shape-fix,18,pass,pass,pass,pass,True,4688,results/evaluation/as_completed_tuple__local-shape-fix__018.json
as_completed_tuple,local-shape-fix,19,pass,pass,pass,pass,True,4206,results/evaluation/as_completed_tuple__local-shape-fix__019.json
batch_drained,fixed,0,pass,pass,pass,pass,True,5590,results/evaluation/batch_drained__fixed__000.json
batch_drained,fixed,1,pass,pass,pass,pass,True,18788,results/evaluation/batch_drained__fixed__001.json
batch_drained,fixed,2,pass,pass,pass,pass,True,5588,results/evaluation/batch_drained__fixed__002.json
batch_drained,fixed,3,pass,pass,pass,pass,True,4326,results/evaluation/batch_drained__fixed__003.json
batch_drained,fixed,4,pass,pass,pass,pass,True,5308,results/evaluation/batch_drained__fixed__004.json
batch_drained,fixed,5,pass,pass,pass,pass,True,5970,results/evaluation/batch_drained__fixed__005.json
batch_drained,fixed,6,pass,pass,pass,pass,True,27602,results/evaluation/batch_drained__fixed__006.json
batch_drained,fixed,7,pass,pass,pass,pass,True,5790,results/evaluation/batch_drained__fixed__007.json
batch_drained,fixed,8,pass,pass,pass,pass,True,11778,results/evaluation/batch_drained__fixed__008.json
batch_drained,fixed,9,pass,pass,pass,pass,True,35794,results/evaluation/batch_drained__fixed__009.json
batch_drained,fixed,10,pass,pass,pass,pass,True,4228,results/evaluation/batch_drained__fixed__010.json
batch_drained,fixed,11,pass,pass,pass,pass,True,4708,results/evaluation/batch_drained__fixed__011.json
batch_drained,fixed,12,pass,pass,pass,pass,True,6410,results/evaluation/batch_drained__fixed__012.json
batch_drained,fixed,13,pass,pass,pass,pass,True,3866,results/evaluation/batch_drained__fixed__013.json
batch_drained,fixed,14,pass,pass,pass,pass,True,5308,results/evaluation/batch_drained__fixed__014.json
batch_drained,fixed,15,pass,pass,pass,pass,True,5026,results/evaluation/batch_drained__fixed__015.json
batch_drained,fixed,16,pass,pass,pass,pass,True,4206,results/evaluation/batch_drained__fixed__016.json
batch_drained,fixed,17,pass,pass,pass,pass,True,4006,results/evaluation/batch_drained__fixed__017.json
batch_drained,fixed,18,pass,pass,pass,pass,True,4146,results/evaluation/batch_drained__fixed__018.json
batch_drained,fixed,19,pass,pass,pass,pass,True,4888,results/evaluation/batch_drained__fixed__019.json
batch_pending,fixed,0,inconclusive,inconclusive,inconclusive,inconclusive,True,5228,results/evaluation/batch_pending__fixed__000.json
batch_pending,fixed,1,inconclusive,inconclusive,inconclusive,inconclusive,True,3986,results/evaluation/batch_pending__fixed__001.json
batch_pending,fixed,2,inconclusive,inconclusive,inconclusive,inconclusive,True,4808,results/evaluation/batch_pending__fixed__002.json
batch_pending,fixed,3,inconclusive,inconclusive,inconclusive,inconclusive,True,3846,results/evaluation/batch_pending__fixed__003.json
batch_pending,fixed,4,inconclusive,inconclusive,inconclusive,inconclusive,True,4648,results/evaluation/batch_pending__fixed__004.json
batch_pending,fixed,5,inconclusive,inconclusive,inconclusive,inconclusive,True,16464,results/evaluation/batch_pending__fixed__005.json
batch_pending,fixed,6,inconclusive,inconclusive,inconclusive,inconclusive,True,4046,results/evaluation/batch_pending__fixed__006.json
batch_pending,fixed,7,inconclusive,inconclusive,inconclusive,inconclusive,True,5408,results/evaluation/batch_pending__fixed__007.json
batch_pending,fixed,8,inconclusive,inconclusive,inconclusive,inconclusive,True,52116,results/evaluation/batch_pending__fixed__008.json
batch_pending,fixed,9,inconclusive,inconclusive,inconclusive,inconclusive,True,16024,results/evaluation/batch_pending__fixed__009.json
batch_pending,fixed,10,inconclusive,inconclusive,inconclusive,inconclusive,True,11498,results/evaluation/batch_pending__fixed__010.json
batch_pending,fixed,11,inconclusive,inconclusive,inconclusive,inconclusive,True,5868,results/evaluation/batch_pending__fixed__011.json
batch_pending,fixed,12,inconclusive,inconclusive,inconclusive,inconclusive,True,5828,results/evaluation/batch_pending__fixed__012.json
batch_pending,fixed,13,inconclusive,inconclusive,inconclusive,inconclusive,True,5148,results/evaluation/batch_pending__fixed__013.json
batch_pending,fixed,14,inconclusive,inconclusive,inconclusive,inconclusive,True,5508,results/evaluation/batch_pending__fixed__014.json
batch_pending,fixed,15,inconclusive,inconclusive,inconclusive,inconclusive,True,3606,results/evaluation/batch_pending__fixed__015.json
batch_pending,fixed,16,inconclusive,inconclusive,inconclusive,inconclusive,True,3884,results/evaluation/batch_pending__fixed__016.json
batch_pending,fixed,17,inconclusive,inconclusive,inconclusive,inconclusive,True,4206,results/evaluation/batch_pending__fixed__017.json
batch_pending,fixed,18,inconclusive,inconclusive,inconclusive,inconclusive,True,3806,results/evaluation/batch_pending__fixed__018.json
batch_pending,fixed,19,inconclusive,inconclusive,inconclusive,inconclusive,True,6410,results/evaluation/batch_pending__fixed__019.json
both_lifetimes,fixed,0,pass,pass,pass,pass,True,15484,results/evaluation/both_lifetimes__fixed__000.json
both_lifetimes,fixed,1,pass,pass,pass,pass,True,4908,results/evaluation/both_lifetimes__fixed__001.json
both_lifetimes,fixed,2,pass,pass,pass,pass,True,5568,results/evaluation/both_lifetimes__fixed__002.json
both_lifetimes,fixed,3,pass,pass,pass,pass,True,5508,results/evaluation/both_lifetimes__fixed__003.json
both_lifetimes,fixed,4,pass,pass,pass,pass,True,45588,results/evaluation/both_lifetimes__fixed__004.json
both_lifetimes,fixed,5,pass,pass,pass,pass,True,4768,results/evaluation/both_lifetimes__fixed__005.json
both_lifetimes,fixed,6,pass,pass,pass,pass,True,5468,results/evaluation/both_lifetimes__fixed__006.json
both_lifetimes,fixed,7,pass,pass,pass,pass,True,4966,results/evaluation/both_lifetimes__fixed__007.json
both_lifetimes,fixed,8,pass,pass,pass,pass,True,18428,results/evaluation/both_lifetimes__fixed__008.json
both_lifetimes,fixed,9,pass,pass,pass,pass,True,5508,results/evaluation/both_lifetimes__fixed__009.json
both_lifetimes,fixed,10,pass,pass,pass,pass,True,5008,results/evaluation/both_lifetimes__fixed__010.json
both_lifetimes,fixed,11,pass,pass,pass,pass,True,3824,results/evaluation/both_lifetimes__fixed__011.json
both_lifetimes,fixed,12,pass,pass,pass,pass,True,5428,results/evaluation/both_lifetimes__fixed__012.json
both_lifetimes,fixed,13,pass,pass,pass,pass,True,5488,results/evaluation/both_lifetimes__fixed__013.json
both_lifetimes,fixed,14,pass,pass,pass,pass,True,48752,results/evaluation/both_lifetimes__fixed__014.json
both_lifetimes,fixed,15,pass,pass,pass,pass,True,4566,results/evaluation/both_lifetimes__fixed__015.json
both_lifetimes,fixed,16,pass,pass,pass,pass,True,4626,results/evaluation/both_lifetimes__fixed__016.json
both_lifetimes,fixed,17,pass,pass,pass,pass,True,4146,results/evaluation/both_lifetimes__fixed__017.json
both_lifetimes,fixed,18,pass,pass,pass,pass,True,37536,results/evaluation/both_lifetimes__fixed__018.json
both_lifetimes,fixed,19,pass,pass,pass,pass,True,13920,results/evaluation/both_lifetimes__fixed__019.json
capture_epoch,affected,0,fail,fail,fail,pass,True,3886,results/evaluation/capture_epoch__affected__000.json
capture_epoch,affected,1,fail,fail,fail,pass,True,5006,results/evaluation/capture_epoch__affected__001.json
capture_epoch,affected,2,fail,fail,fail,pass,True,8032,results/evaluation/capture_epoch__affected__002.json
capture_epoch,affected,3,fail,fail,fail,pass,True,3706,results/evaluation/capture_epoch__affected__003.json
capture_epoch,affected,4,fail,fail,fail,pass,True,3986,results/evaluation/capture_epoch__affected__004.json
capture_epoch,affected,5,fail,fail,fail,pass,True,68120,results/evaluation/capture_epoch__affected__005.json
capture_epoch,affected,6,fail,fail,fail,pass,True,94280,results/evaluation/capture_epoch__affected__006.json
capture_epoch,affected,7,fail,fail,fail,pass,True,10776,results/evaluation/capture_epoch__affected__007.json
capture_epoch,affected,8,fail,fail,fail,pass,True,4468,results/evaluation/capture_epoch__affected__008.json
capture_epoch,affected,9,fail,fail,fail,pass,True,42282,results/evaluation/capture_epoch__affected__009.json
capture_epoch,affected,10,fail,fail,fail,pass,True,4286,results/evaluation/capture_epoch__affected__010.json
capture_epoch,affected,11,fail,fail,fail,pass,True,3786,results/evaluation/capture_epoch__affected__011.json
capture_epoch,affected,12,fail,fail,fail,pass,True,4046,results/evaluation/capture_epoch__affected__012.json
capture_epoch,affected,13,fail,fail,fail,pass,True,4046,results/evaluation/capture_epoch__affected__013.json
capture_epoch,affected,14,fail,fail,fail,pass,True,19290,results/evaluation/capture_epoch__affected__014.json
capture_epoch,affected,15,fail,fail,fail,pass,True,3624,results/evaluation/capture_epoch__affected__015.json
capture_epoch,affected,16,fail,fail,fail,pass,True,6490,results/evaluation/capture_epoch__affected__016.json
capture_epoch,affected,17,fail,fail,fail,pass,True,4568,results/evaluation/capture_epoch__affected__017.json
capture_epoch,affected,18,fail,fail,fail,pass,True,4666,results/evaluation/capture_epoch__affected__018.json
capture_epoch,affected,19,fail,fail,fail,pass,True,5508,results/evaluation/capture_epoch__affected__019.json
capture_epoch,fixed,0,pass,pass,pass,pass,True,5088,results/evaluation/capture_epoch__fixed__000.json
capture_epoch,fixed,1,pass,pass,pass,pass,True,10276,results/evaluation/capture_epoch__fixed__001.json
capture_epoch,fixed,2,pass,pass,pass,pass,True,5648,results/evaluation/capture_epoch__fixed__002.json
capture_epoch,fixed,3,pass,pass,pass,pass,True,5608,results/evaluation/capture_epoch__fixed__003.json
capture_epoch,fixed,4,pass,pass,pass,pass,True,5268,results/evaluation/capture_epoch__fixed__004.json
capture_epoch,fixed,5,pass,pass,pass,pass,True,4748,results/evaluation/capture_epoch__fixed__005.json
capture_epoch,fixed,6,pass,pass,pass,pass,True,4046,results/evaluation/capture_epoch__fixed__006.json
capture_epoch,fixed,7,pass,pass,pass,pass,True,4166,results/evaluation/capture_epoch__fixed__007.json
capture_epoch,fixed,8,pass,pass,pass,pass,True,4668,results/evaluation/capture_epoch__fixed__008.json
capture_epoch,fixed,9,pass,pass,pass,pass,True,6070,results/evaluation/capture_epoch__fixed__009.json
capture_epoch,fixed,10,pass,pass,pass,pass,True,4006,results/evaluation/capture_epoch__fixed__010.json
capture_epoch,fixed,11,pass,pass,pass,pass,True,46308,results/evaluation/capture_epoch__fixed__011.json
capture_epoch,fixed,12,pass,pass,pass,pass,True,5368,results/evaluation/capture_epoch__fixed__012.json
capture_epoch,fixed,13,pass,pass,pass,pass,True,4106,results/evaluation/capture_epoch__fixed__013.json
capture_epoch,fixed,14,pass,pass,pass,pass,True,5648,results/evaluation/capture_epoch__fixed__014.json
capture_epoch,fixed,15,pass,pass,pass,pass,True,49734,results/evaluation/capture_epoch__fixed__015.json
capture_epoch,fixed,16,pass,pass,pass,pass,True,4608,results/evaluation/capture_epoch__fixed__016.json
capture_epoch,fixed,17,pass,pass,pass,pass,True,4386,results/evaluation/capture_epoch__fixed__017.json
capture_epoch,fixed,18,pass,pass,pass,pass,True,4828,results/evaluation/capture_epoch__fixed__018.json
capture_epoch,fixed,19,pass,pass,pass,pass,True,7572,results/evaluation/capture_epoch__fixed__019.json
escaped,affected,0,fail,fail,fail,pass,True,4928,results/evaluation/escaped__affected__000.json
escaped,affected,1,fail,fail,fail,pass,True,7952,results/evaluation/escaped__affected__001.json
escaped,affected,2,fail,fail,fail,pass,True,4886,results/evaluation/escaped__affected__002.json
escaped,affected,3,fail,fail,fail,pass,True,4488,results/evaluation/escaped__affected__003.json
escaped,affected,4,fail,fail,fail,pass,True,5448,results/evaluation/escaped__affected__004.json
escaped,affected,5,fail,fail,fail,pass,True,4968,results/evaluation/escaped__affected__005.json
escaped,affected,6,fail,fail,fail,pass,True,12558,results/evaluation/escaped__affected__006.json
escaped,affected,7,fail,fail,fail,pass,True,4748,results/evaluation/escaped__affected__007.json
escaped,affected,8,fail,fail,fail,pass,True,9154,results/evaluation/escaped__affected__008.json
escaped,affected,9,fail,fail,fail,pass,True,5348,results/evaluation/escaped__affected__009.json
escaped,affected,10,fail,fail,fail,pass,True,13640,results/evaluation/escaped__affected__010.json
escaped,affected,11,fail,fail,fail,pass,True,6810,results/evaluation/escaped__affected__011.json
escaped,affected,12,fail,fail,fail,pass,True,12760,results/evaluation/escaped__affected__012.json
escaped,affected,13,fail,fail,fail,pass,True,5088,results/evaluation/escaped__affected__013.json
escaped,affected,14,fail,fail,fail,pass,True,4966,results/evaluation/escaped__affected__014.json
escaped,affected,15,fail,fail,fail,pass,True,5388,results/evaluation/escaped__affected__015.json
escaped,affected,16,fail,fail,fail,pass,True,6870,results/evaluation/escaped__affected__016.json
escaped,affected,17,fail,fail,fail,pass,True,5728,results/evaluation/escaped__affected__017.json
escaped,affected,18,fail,fail,fail,pass,True,11698,results/evaluation/escaped__affected__018.json
escaped,affected,19,fail,fail,fail,pass,True,4888,results/evaluation/escaped__affected__019.json
escaped,fixed,0,pass,pass,pass,pass,True,4348,results/evaluation/escaped__fixed__000.json
escaped,fixed,1,pass,pass,pass,pass,True,6288,results/evaluation/escaped__fixed__001.json
escaped,fixed,2,pass,pass,pass,pass,True,4306,results/evaluation/escaped__fixed__002.json
escaped,fixed,3,pass,pass,pass,pass,True,5448,results/evaluation/escaped__fixed__003.json
escaped,fixed,4,pass,pass,pass,pass,True,5928,results/evaluation/escaped__fixed__004.json
escaped,fixed,5,pass,pass,pass,pass,True,4446,results/evaluation/escaped__fixed__005.json
escaped,fixed,6,pass,pass,pass,pass,True,34092,results/evaluation/escaped__fixed__006.json
escaped,fixed,7,pass,pass,pass,pass,True,7772,results/evaluation/escaped__fixed__007.json
escaped,fixed,8,pass,pass,pass,pass,True,5468,results/evaluation/escaped__fixed__008.json
escaped,fixed,9,pass,pass,pass,pass,True,5188,results/evaluation/escaped__fixed__009.json
escaped,fixed,10,pass,pass,pass,pass,True,4406,results/evaluation/escaped__fixed__010.json
escaped,fixed,11,pass,pass,pass,pass,True,5048,results/evaluation/escaped__fixed__011.json
escaped,fixed,12,pass,pass,pass,pass,True,4726,results/evaluation/escaped__fixed__012.json
escaped,fixed,13,pass,pass,pass,pass,True,5988,results/evaluation/escaped__fixed__013.json
escaped,fixed,14,pass,pass,pass,pass,True,5790,results/evaluation/escaped__fixed__014.json
escaped,fixed,15,pass,pass,pass,pass,True,4848,results/evaluation/escaped__fixed__015.json
escaped,fixed,16,pass,pass,pass,pass,True,5908,results/evaluation/escaped__fixed__016.json
escaped,fixed,17,pass,pass,pass,pass,True,5650,results/evaluation/escaped__fixed__017.json
escaped,fixed,18,pass,pass,pass,pass,True,4646,results/evaluation/escaped__fixed__018.json
escaped,fixed,19,pass,pass,pass,pass,True,4026,results/evaluation/escaped__fixed__019.json
export_drop,fixed,0,inconclusive,inconclusive,inconclusive,fail,True,3726,results/evaluation/export_drop__fixed__000.json
export_drop,fixed,1,inconclusive,inconclusive,inconclusive,fail,True,3886,results/evaluation/export_drop__fixed__001.json
export_drop,fixed,2,inconclusive,inconclusive,inconclusive,fail,True,3886,results/evaluation/export_drop__fixed__002.json
export_drop,fixed,3,inconclusive,inconclusive,inconclusive,fail,True,10096,results/evaluation/export_drop__fixed__003.json
export_drop,fixed,4,inconclusive,inconclusive,inconclusive,fail,True,4086,results/evaluation/export_drop__fixed__004.json
export_drop,fixed,5,inconclusive,inconclusive,inconclusive,fail,True,4006,results/evaluation/export_drop__fixed__005.json
export_drop,fixed,6,inconclusive,inconclusive,inconclusive,fail,True,4046,results/evaluation/export_drop__fixed__006.json
export_drop,fixed,7,inconclusive,inconclusive,inconclusive,fail,True,4648,results/evaluation/export_drop__fixed__007.json
export_drop,fixed,8,inconclusive,inconclusive,inconclusive,fail,True,6550,results/evaluation/export_drop__fixed__008.json
export_drop,fixed,9,inconclusive,inconclusive,inconclusive,fail,True,3946,results/evaluation/export_drop__fixed__009.json
export_drop,fixed,10,inconclusive,inconclusive,inconclusive,fail,True,4266,results/evaluation/export_drop__fixed__010.json
export_drop,fixed,11,inconclusive,inconclusive,inconclusive,fail,True,4046,results/evaluation/export_drop__fixed__011.json
export_drop,fixed,12,inconclusive,inconclusive,inconclusive,fail,True,3766,results/evaluation/export_drop__fixed__012.json
export_drop,fixed,13,inconclusive,inconclusive,inconclusive,fail,True,4908,results/evaluation/export_drop__fixed__013.json
export_drop,fixed,14,inconclusive,inconclusive,inconclusive,fail,True,4546,results/evaluation/export_drop__fixed__014.json
export_drop,fixed,15,inconclusive,inconclusive,inconclusive,fail,True,4226,results/evaluation/export_drop__fixed__015.json
export_drop,fixed,16,inconclusive,inconclusive,inconclusive,fail,True,3906,results/evaluation/export_drop__fixed__016.json
export_drop,fixed,17,inconclusive,inconclusive,inconclusive,fail,True,3946,results/evaluation/export_drop__fixed__017.json
export_drop,fixed,18,inconclusive,inconclusive,inconclusive,fail,True,4286,results/evaluation/export_drop__fixed__018.json
export_drop,fixed,19,inconclusive,inconclusive,inconclusive,fail,True,7072,results/evaluation/export_drop__fixed__019.json
handled_inside,affected,0,fail,fail,fail,pass,True,4666,results/evaluation/handled_inside__affected__000.json
handled_inside,affected,1,fail,fail,fail,pass,True,5008,results/evaluation/handled_inside__affected__001.json
handled_inside,affected,2,fail,fail,fail,pass,True,6630,results/evaluation/handled_inside__affected__002.json
handled_inside,affected,3,fail,fail,fail,pass,True,3886,results/evaluation/handled_inside__affected__003.json
handled_inside,affected,4,fail,fail,fail,pass,True,14742,results/evaluation/handled_inside__affected__004.json
handled_inside,affected,5,fail,fail,fail,pass,True,9754,results/evaluation/handled_inside__affected__005.json
handled_inside,affected,6,fail,fail,fail,pass,True,14422,results/evaluation/handled_inside__affected__006.json
handled_inside,affected,7,fail,fail,fail,pass,True,5268,results/evaluation/handled_inside__affected__007.json
handled_inside,affected,8,fail,fail,fail,pass,True,5188,results/evaluation/handled_inside__affected__008.json
handled_inside,affected,9,fail,fail,fail,pass,True,5608,results/evaluation/handled_inside__affected__009.json
handled_inside,affected,10,fail,fail,fail,pass,True,4968,results/evaluation/handled_inside__affected__010.json
handled_inside,affected,11,fail,fail,fail,pass,True,4506,results/evaluation/handled_inside__affected__011.json
handled_inside,affected,12,fail,fail,fail,pass,True,4788,results/evaluation/handled_inside__affected__012.json
handled_inside,affected,13,fail,fail,fail,pass,True,16824,results/evaluation/handled_inside__affected__013.json
handled_inside,affected,14,fail,fail,fail,pass,True,7010,results/evaluation/handled_inside__affected__014.json
handled_inside,affected,15,fail,fail,fail,pass,True,5590,results/evaluation/handled_inside__affected__015.json
handled_inside,affected,16,fail,fail,fail,pass,True,43826,results/evaluation/handled_inside__affected__016.json
handled_inside,affected,17,fail,fail,fail,pass,True,5628,results/evaluation/handled_inside__affected__017.json
handled_inside,affected,18,fail,fail,fail,pass,True,3844,results/evaluation/handled_inside__affected__018.json
handled_inside,affected,19,fail,fail,fail,pass,True,5008,results/evaluation/handled_inside__affected__019.json
handled_inside,fixed,0,pass,pass,pass,pass,True,4828,results/evaluation/handled_inside__fixed__000.json
handled_inside,fixed,1,pass,pass,pass,pass,True,5448,results/evaluation/handled_inside__fixed__001.json
handled_inside,fixed,2,pass,pass,pass,pass,True,4108,results/evaluation/handled_inside__fixed__002.json
handled_inside,fixed,3,pass,pass,pass,pass,True,7872,results/evaluation/handled_inside__fixed__003.json
handled_inside,fixed,4,pass,pass,pass,pass,True,5468,results/evaluation/handled_inside__fixed__004.json
handled_inside,fixed,5,pass,pass,pass,pass,True,4146,results/evaluation/handled_inside__fixed__005.json
handled_inside,fixed,6,pass,pass,pass,pass,True,3624,results/evaluation/handled_inside__fixed__006.json
handled_inside,fixed,7,pass,pass,pass,pass,True,80580,results/evaluation/handled_inside__fixed__007.json
handled_inside,fixed,8,pass,pass,pass,pass,True,5328,results/evaluation/handled_inside__fixed__008.json
handled_inside,fixed,9,pass,pass,pass,pass,True,6048,results/evaluation/handled_inside__fixed__009.json
handled_inside,fixed,10,pass,pass,pass,pass,True,4348,results/evaluation/handled_inside__fixed__010.json
handled_inside,fixed,11,pass,pass,pass,pass,True,5528,results/evaluation/handled_inside__fixed__011.json
handled_inside,fixed,12,pass,pass,pass,pass,True,4206,results/evaluation/handled_inside__fixed__012.json
handled_inside,fixed,13,pass,pass,pass,pass,True,5048,results/evaluation/handled_inside__fixed__013.json
handled_inside,fixed,14,pass,pass,pass,pass,True,4928,results/evaluation/handled_inside__fixed__014.json
handled_inside,fixed,15,pass,pass,pass,pass,True,3766,results/evaluation/handled_inside__fixed__015.json
handled_inside,fixed,16,pass,pass,pass,pass,True,4086,results/evaluation/handled_inside__fixed__016.json
handled_inside,fixed,17,pass,pass,pass,pass,True,22674,results/evaluation/handled_inside__fixed__017.json
handled_inside,fixed,18,pass,pass,pass,pass,True,4606,results/evaluation/handled_inside__fixed__018.json
handled_inside,fixed,19,pass,pass,pass,pass,True,5248,results/evaluation/handled_inside__fixed__019.json
lifecycle,affected,0,fail,fail,fail,fail,True,3684,results/evaluation/lifecycle__affected__000.json
lifecycle,affected,1,fail,fail,fail,fail,True,3966,results/evaluation/lifecycle__affected__001.json
lifecycle,affected,2,fail,fail,fail,fail,True,5448,results/evaluation/lifecycle__affected__002.json
lifecycle,affected,3,fail,fail,fail,fail,True,4328,results/evaluation/lifecycle__affected__003.json
lifecycle,affected,4,fail,fail,fail,fail,True,5688,results/evaluation/lifecycle__affected__004.json
lifecycle,affected,5,fail,fail,fail,fail,True,5608,results/evaluation/lifecycle__affected__005.json
lifecycle,affected,6,fail,fail,fail,fail,True,4908,results/evaluation/lifecycle__affected__006.json
lifecycle,affected,7,fail,fail,fail,fail,True,7070,results/evaluation/lifecycle__affected__007.json
lifecycle,affected,8,fail,fail,fail,fail,True,40118,results/evaluation/lifecycle__affected__008.json
lifecycle,affected,9,fail,fail,fail,fail,True,5028,results/evaluation/lifecycle__affected__009.json
lifecycle,affected,10,fail,fail,fail,fail,True,7310,results/evaluation/lifecycle__affected__010.json
lifecycle,affected,11,fail,fail,fail,fail,True,6630,results/evaluation/lifecycle__affected__011.json
lifecycle,affected,12,fail,fail,fail,fail,True,48472,results/evaluation/lifecycle__affected__012.json
lifecycle,affected,13,fail,fail,fail,fail,True,5668,results/evaluation/lifecycle__affected__013.json
lifecycle,affected,14,fail,fail,fail,fail,True,4846,results/evaluation/lifecycle__affected__014.json
lifecycle,affected,15,fail,fail,fail,fail,True,6388,results/evaluation/lifecycle__affected__015.json
lifecycle,affected,16,fail,fail,fail,fail,True,6328,results/evaluation/lifecycle__affected__016.json
lifecycle,affected,17,fail,fail,fail,fail,True,5128,results/evaluation/lifecycle__affected__017.json
lifecycle,affected,18,fail,fail,fail,fail,True,4126,results/evaluation/lifecycle__affected__018.json
lifecycle,affected,19,fail,fail,fail,fail,True,12058,results/evaluation/lifecycle__affected__019.json
lifecycle,fixed,0,pass,pass,pass,pass,True,6850,results/evaluation/lifecycle__fixed__000.json
lifecycle,fixed,1,pass,pass,pass,pass,True,6070,results/evaluation/lifecycle__fixed__001.json
lifecycle,fixed,2,pass,pass,pass,pass,True,6390,results/evaluation/lifecycle__fixed__002.json
lifecycle,fixed,3,pass,pass,pass,pass,True,5408,results/evaluation/lifecycle__fixed__003.json
lifecycle,fixed,4,pass,pass,pass,pass,True,6050,results/evaluation/lifecycle__fixed__004.json
lifecycle,fixed,5,pass,pass,pass,pass,True,5648,results/evaluation/lifecycle__fixed__005.json
lifecycle,fixed,6,pass,pass,pass,pass,True,6450,results/evaluation/lifecycle__fixed__006.json
lifecycle,fixed,7,pass,pass,pass,pass,True,3846,results/evaluation/lifecycle__fixed__007.json
lifecycle,fixed,8,pass,pass,pass,pass,True,5908,results/evaluation/lifecycle__fixed__008.json
lifecycle,fixed,9,pass,pass,pass,pass,True,9974,results/evaluation/lifecycle__fixed__009.json
lifecycle,fixed,10,pass,pass,pass,pass,True,10956,results/evaluation/lifecycle__fixed__010.json
lifecycle,fixed,11,pass,pass,pass,pass,True,6290,results/evaluation/lifecycle__fixed__011.json
lifecycle,fixed,12,pass,pass,pass,pass,True,4306,results/evaluation/lifecycle__fixed__012.json
lifecycle,fixed,13,pass,pass,pass,pass,True,6050,results/evaluation/lifecycle__fixed__013.json
lifecycle,fixed,14,pass,pass,pass,pass,True,3706,results/evaluation/lifecycle__fixed__014.json
lifecycle,fixed,15,pass,pass,pass,pass,True,6670,results/evaluation/lifecycle__fixed__015.json
lifecycle,fixed,16,pass,pass,pass,pass,True,4826,results/evaluation/lifecycle__fixed__016.json
lifecycle,fixed,17,pass,pass,pass,pass,True,5988,results/evaluation/lifecycle__fixed__017.json
lifecycle,fixed,18,pass,pass,pass,pass,True,5908,results/evaluation/lifecycle__fixed__018.json
lifecycle,fixed,19,pass,pass,pass,pass,True,4066,results/evaluation/lifecycle__fixed__019.json
parent_ends_first,fixed,0,pass,pass,pass,pass,True,6508,results/evaluation/parent_ends_first__fixed__000.json
parent_ends_first,fixed,1,pass,pass,pass,pass,True,5408,results/evaluation/parent_ends_first__fixed__001.json
parent_ends_first,fixed,2,pass,pass,pass,pass,True,7590,results/evaluation/parent_ends_first__fixed__002.json
parent_ends_first,fixed,3,pass,pass,pass,pass,True,9294,results/evaluation/parent_ends_first__fixed__003.json
parent_ends_first,fixed,4,pass,pass,pass,pass,True,4688,results/evaluation/parent_ends_first__fixed__004.json
parent_ends_first,fixed,5,pass,pass,pass,pass,True,4886,results/evaluation/parent_ends_first__fixed__005.json
parent_ends_first,fixed,6,pass,pass,pass,pass,True,4206,results/evaluation/parent_ends_first__fixed__006.json
parent_ends_first,fixed,7,pass,pass,pass,pass,True,5308,results/evaluation/parent_ends_first__fixed__007.json
parent_ends_first,fixed,8,pass,pass,pass,pass,True,6210,results/evaluation/parent_ends_first__fixed__008.json
parent_ends_first,fixed,9,pass,pass,pass,pass,True,12980,results/evaluation/parent_ends_first__fixed__009.json
parent_ends_first,fixed,10,pass,pass,pass,pass,True,5468,results/evaluation/parent_ends_first__fixed__010.json
parent_ends_first,fixed,11,pass,pass,pass,pass,True,4486,results/evaluation/parent_ends_first__fixed__011.json
parent_ends_first,fixed,12,pass,pass,pass,pass,True,4546,results/evaluation/parent_ends_first__fixed__012.json
parent_ends_first,fixed,13,pass,pass,pass,pass,True,4706,results/evaluation/parent_ends_first__fixed__013.json
parent_ends_first,fixed,14,pass,pass,pass,pass,True,3926,results/evaluation/parent_ends_first__fixed__014.json
parent_ends_first,fixed,15,pass,pass,pass,pass,True,6650,results/evaluation/parent_ends_first__fixed__015.json
parent_ends_first,fixed,16,pass,pass,pass,pass,True,4166,results/evaluation/parent_ends_first__fixed__016.json
parent_ends_first,fixed,17,pass,pass,pass,pass,True,4006,results/evaluation/parent_ends_first__fixed__017.json
parent_ends_first,fixed,18,pass,pass,pass,pass,True,6510,results/evaluation/parent_ends_first__fixed__018.json
parent_ends_first,fixed,19,pass,pass,pass,pass,True,5048,results/evaluation/parent_ends_first__fixed__019.json
queue,affected,0,fail,fail,fail,pass,True,4066,results/evaluation/queue__affected__000.json
queue,affected,1,fail,fail,fail,pass,True,14722,results/evaluation/queue__affected__001.json
queue,affected,2,fail,fail,fail,pass,True,4206,results/evaluation/queue__affected__002.json
queue,affected,3,fail,fail,fail,pass,True,7772,results/evaluation/queue__affected__003.json
queue,affected,4,fail,fail,fail,pass,True,44024,results/evaluation/queue__affected__004.json
queue,affected,5,fail,fail,fail,pass,True,5348,results/evaluation/queue__affected__005.json
queue,affected,6,fail,fail,fail,pass,True,4906,results/evaluation/queue__affected__006.json
queue,affected,7,fail,inconclusive,inconclusive,pass,False,246948,results/evaluation/queue__affected__007.json
queue,affected,8,fail,fail,fail,pass,True,3966,results/evaluation/queue__affected__008.json
queue,affected,9,fail,fail,fail,pass,True,7510,results/evaluation/queue__affected__009.json
queue,affected,10,fail,fail,fail,pass,True,4648,results/evaluation/queue__affected__010.json
queue,affected,11,fail,fail,fail,pass,True,5590,results/evaluation/queue__affected__011.json
queue,affected,12,fail,fail,fail,pass,True,4286,results/evaluation/queue__affected__012.json
queue,affected,13,fail,fail,fail,pass,True,5528,results/evaluation/queue__affected__013.json
queue,affected,14,fail,fail,fail,pass,True,12658,results/evaluation/queue__affected__014.json
queue,affected,15,fail,fail,fail,pass,True,4608,results/evaluation/queue__affected__015.json
queue,affected,16,fail,fail,fail,pass,True,4486,results/evaluation/queue__affected__016.json
queue,affected,17,fail,fail,fail,pass,True,4768,results/evaluation/queue__affected__017.json
queue,affected,18,fail,fail,fail,pass,True,6170,results/evaluation/queue__affected__018.json
queue,affected,19,fail,fail,fail,pass,True,7090,results/evaluation/queue__affected__019.json
queue,fixed,0,pass,pass,pass,pass,True,6570,results/evaluation/queue__fixed__000.json
queue,fixed,1,pass,pass,pass,pass,True,3946,results/evaluation/queue__fixed__001.json
queue,fixed,2,pass,pass,pass,pass,True,6128,results/evaluation/queue__fixed__002.json
queue,fixed,3,pass,pass,pass,pass,True,4286,results/evaluation/queue__fixed__003.json
queue,fixed,4,pass,pass,pass,pass,True,6010,results/evaluation/queue__fixed__004.json
queue,fixed,5,pass,pass,pass,pass,True,3926,results/evaluation/queue__fixed__005.json
queue,fixed,6,pass,pass,pass,pass,True,4446,results/evaluation/queue__fixed__006.json
queue,fixed,7,pass,pass,pass,pass,True,3726,results/evaluation/queue__fixed__007.json
queue,fixed,8,pass,pass,pass,pass,True,54562,results/evaluation/queue__fixed__008.json
queue,fixed,9,pass,pass,pass,pass,True,5768,results/evaluation/queue__fixed__009.json
queue,fixed,10,pass,pass,pass,pass,True,3646,results/evaluation/queue__fixed__010.json
queue,fixed,11,pass,pass,pass,pass,True,8632,results/evaluation/queue__fixed__011.json
queue,fixed,12,pass,pass,pass,pass,True,3946,results/evaluation/queue__fixed__012.json
queue,fixed,13,pass,pass,pass,pass,True,3684,results/evaluation/queue__fixed__013.json
queue,fixed,14,pass,pass,pass,pass,True,4246,results/evaluation/queue__fixed__014.json
queue,fixed,15,pass,pass,pass,pass,True,22154,results/evaluation/queue__fixed__015.json
queue,fixed,16,pass,pass,pass,pass,True,6248,results/evaluation/queue__fixed__016.json
queue,fixed,17,pass,pass,pass,pass,True,3766,results/evaluation/queue__fixed__017.json
queue,fixed,18,pass,pass,pass,pass,True,5308,results/evaluation/queue__fixed__018.json
queue,fixed,19,pass,pass,pass,pass,True,46990,results/evaluation/queue__fixed__019.json
repeat,affected,0,fail,fail,fail,fail,True,5790,results/evaluation/repeat__affected__000.json
repeat,affected,1,fail,fail,fail,fail,True,5268,results/evaluation/repeat__affected__001.json
repeat,affected,2,fail,fail,fail,fail,True,6670,results/evaluation/repeat__affected__002.json
repeat,affected,3,fail,fail,fail,fail,True,5788,results/evaluation/repeat__affected__003.json
repeat,affected,4,fail,fail,fail,fail,True,5088,results/evaluation/repeat__affected__004.json
repeat,affected,5,fail,fail,fail,fail,True,15302,results/evaluation/repeat__affected__005.json
repeat,affected,6,fail,fail,fail,fail,True,7430,results/evaluation/repeat__affected__006.json
repeat,affected,7,fail,fail,fail,fail,True,5808,results/evaluation/repeat__affected__007.json
repeat,affected,8,fail,fail,fail,fail,True,6410,results/evaluation/repeat__affected__008.json
repeat,affected,9,fail,fail,fail,fail,True,5768,results/evaluation/repeat__affected__009.json
repeat,affected,10,fail,fail,fail,fail,True,16324,results/evaluation/repeat__affected__010.json
repeat,affected,11,fail,fail,fail,fail,True,6590,results/evaluation/repeat__affected__011.json
repeat,affected,12,fail,fail,fail,fail,False,306336,results/evaluation/repeat__affected__012.json
repeat,affected,13,fail,fail,fail,fail,True,6548,results/evaluation/repeat__affected__013.json
repeat,affected,14,fail,fail,fail,fail,True,4606,results/evaluation/repeat__affected__014.json
repeat,affected,15,fail,fail,fail,fail,True,56404,results/evaluation/repeat__affected__015.json
repeat,affected,16,fail,fail,fail,fail,True,6008,results/evaluation/repeat__affected__016.json
repeat,affected,17,fail,fail,fail,fail,True,5850,results/evaluation/repeat__affected__017.json
repeat,affected,18,fail,fail,fail,fail,True,4648,results/evaluation/repeat__affected__018.json
repeat,affected,19,fail,fail,fail,fail,True,5108,results/evaluation/repeat__affected__019.json
repeat,fixed,0,pass,pass,pass,pass,True,5268,results/evaluation/repeat__fixed__000.json
repeat,fixed,1,pass,pass,pass,pass,True,6370,results/evaluation/repeat__fixed__001.json
repeat,fixed,2,pass,pass,pass,pass,True,19128,results/evaluation/repeat__fixed__002.json
repeat,fixed,3,pass,pass,pass,pass,True,46530,results/evaluation/repeat__fixed__003.json
repeat,fixed,4,pass,pass,pass,pass,True,6110,results/evaluation/repeat__fixed__004.json
repeat,fixed,5,pass,pass,pass,pass,True,7212,results/evaluation/repeat__fixed__005.json
repeat,fixed,6,pass,pass,pass,pass,True,6328,results/evaluation/repeat__fixed__006.json
repeat,fixed,7,pass,pass,pass,pass,True,5348,results/evaluation/repeat__fixed__007.json
repeat,fixed,8,pass,pass,pass,pass,True,6190,results/evaluation/repeat__fixed__008.json
repeat,fixed,9,pass,pass,pass,pass,True,5448,results/evaluation/repeat__fixed__009.json
repeat,fixed,10,pass,pass,pass,pass,True,6068,results/evaluation/repeat__fixed__010.json
repeat,fixed,11,pass,pass,pass,pass,True,5528,results/evaluation/repeat__fixed__011.json
repeat,fixed,12,pass,pass,pass,pass,True,7470,results/evaluation/repeat__fixed__012.json
repeat,fixed,13,pass,pass,pass,pass,True,8112,results/evaluation/repeat__fixed__013.json
repeat,fixed,14,pass,pass,pass,pass,True,31308,results/evaluation/repeat__fixed__014.json
repeat,fixed,15,pass,pass,pass,pass,True,63876,results/evaluation/repeat__fixed__015.json
repeat,fixed,16,pass,pass,pass,pass,True,4928,results/evaluation/repeat__fixed__016.json
repeat,fixed,17,pass,pass,pass,pass,True,6650,results/evaluation/repeat__fixed__017.json
repeat,fixed,18,pass,pass,pass,pass,True,5548,results/evaluation/repeat__fixed__018.json
repeat,fixed,19,pass,inconclusive,inconclusive,pass,False,119138,results/evaluation/repeat__fixed__019.json
service_async,affected,0,fail,fail,fail,fail,True,4948,results/evaluation/service_async__affected__000.json
service_async,affected,1,fail,fail,fail,fail,True,4286,results/evaluation/service_async__affected__001.json
service_async,affected,2,fail,fail,fail,fail,True,7532,results/evaluation/service_async__affected__002.json
service_async,affected,3,fail,fail,fail,fail,True,4066,results/evaluation/service_async__affected__003.json
service_async,affected,4,fail,fail,fail,fail,True,4066,results/evaluation/service_async__affected__004.json
service_async,affected,5,fail,fail,fail,fail,True,5648,results/evaluation/service_async__affected__005.json
service_async,affected,6,fail,fail,fail,fail,True,44226,results/evaluation/service_async__affected__006.json
service_async,affected,7,fail,fail,fail,fail,True,3846,results/evaluation/service_async__affected__007.json
service_async,affected,8,fail,fail,fail,fail,True,3744,results/evaluation/service_async__affected__008.json
service_async,affected,9,fail,fail,fail,fail,True,4086,results/evaluation/service_async__affected__009.json
service_async,affected,10,fail,fail,fail,fail,True,3966,results/evaluation/service_async__affected__010.json
service_async,affected,11,fail,fail,fail,fail,True,4086,results/evaluation/service_async__affected__011.json
service_async,affected,12,fail,fail,fail,fail,True,4328,results/evaluation/service_async__affected__012.json
service_async,affected,13,fail,fail,fail,fail,True,3886,results/evaluation/service_async__affected__013.json
service_async,affected,14,fail,fail,fail,fail,True,7910,results/evaluation/service_async__affected__014.json
service_async,affected,15,fail,fail,fail,fail,True,4308,results/evaluation/service_async__affected__015.json
service_async,affected,16,fail,fail,fail,fail,True,5228,results/evaluation/service_async__affected__016.json
service_async,affected,17,fail,fail,fail,fail,True,5508,results/evaluation/service_async__affected__017.json
service_async,affected,18,fail,fail,fail,fail,True,8514,results/evaluation/service_async__affected__018.json
service_async,affected,19,fail,fail,fail,fail,True,5268,results/evaluation/service_async__affected__019.json
service_async,fixed,0,pass,pass,pass,pass,True,4428,results/evaluation/service_async__fixed__000.json
service_async,fixed,1,pass,pass,pass,pass,True,4026,results/evaluation/service_async__fixed__001.json
service_async,fixed,2,pass,pass,pass,pass,True,4428,results/evaluation/service_async__fixed__002.json
service_async,fixed,3,pass,pass,pass,pass,True,4066,results/evaluation/service_async__fixed__003.json
service_async,fixed,4,pass,pass,pass,pass,True,4346,results/evaluation/service_async__fixed__004.json
service_async,fixed,5,pass,pass,pass,pass,True,77694,results/evaluation/service_async__fixed__005.json
service_async,fixed,6,pass,pass,pass,pass,True,5328,results/evaluation/service_async__fixed__006.json
service_async,fixed,7,pass,pass,pass,pass,True,4306,results/evaluation/service_async__fixed__007.json
service_async,fixed,8,pass,pass,pass,pass,True,5368,results/evaluation/service_async__fixed__008.json
service_async,fixed,9,pass,pass,pass,pass,True,4326,results/evaluation/service_async__fixed__009.json
service_async,fixed,10,pass,pass,pass,pass,True,4648,results/evaluation/service_async__fixed__010.json
service_async,fixed,11,pass,pass,pass,pass,True,10836,results/evaluation/service_async__fixed__011.json
service_async,fixed,12,pass,pass,pass,pass,True,4568,results/evaluation/service_async__fixed__012.json
service_async,fixed,13,pass,pass,pass,pass,True,4126,results/evaluation/service_async__fixed__013.json
service_async,fixed,14,pass,pass,pass,pass,True,4126,results/evaluation/service_async__fixed__014.json
service_async,fixed,15,pass,pass,pass,pass,True,4066,results/evaluation/service_async__fixed__015.json
service_async,fixed,16,pass,pass,pass,pass,True,3764,results/evaluation/service_async__fixed__016.json
service_async,fixed,17,pass,pass,pass,pass,True,7432,results/evaluation/service_async__fixed__017.json
service_async,fixed,18,pass,pass,pass,pass,True,4226,results/evaluation/service_async__fixed__018.json
service_async,fixed,19,pass,pass,pass,pass,True,3806,results/evaluation/service_async__fixed__019.json
service_caller_handles,fixed,0,pass,pass,pass,pass,True,4126,results/evaluation/service_caller_handles__fixed__000.json
service_caller_handles,fixed,1,pass,pass,pass,pass,True,5288,results/evaluation/service_caller_handles__fixed__001.json
service_caller_handles,fixed,2,pass,pass,pass,pass,True,4106,results/evaluation/service_caller_handles__fixed__002.json
service_caller_handles,fixed,3,pass,pass,pass,pass,True,3846,results/evaluation/service_caller_handles__fixed__003.json
service_caller_handles,fixed,4,pass,pass,pass,pass,True,6088,results/evaluation/service_caller_handles__fixed__004.json
service_caller_handles,fixed,5,pass,pass,pass,pass,True,4468,results/evaluation/service_caller_handles__fixed__005.json
service_caller_handles,fixed,6,pass,pass,pass,pass,True,4488,results/evaluation/service_caller_handles__fixed__006.json
service_caller_handles,fixed,7,pass,pass,pass,pass,True,4206,results/evaluation/service_caller_handles__fixed__007.json
service_caller_handles,fixed,8,pass,pass,pass,pass,True,4206,results/evaluation/service_caller_handles__fixed__008.json
service_caller_handles,fixed,9,pass,pass,pass,pass,True,4928,results/evaluation/service_caller_handles__fixed__009.json
service_caller_handles,fixed,10,pass,pass,pass,pass,True,3946,results/evaluation/service_caller_handles__fixed__010.json
service_caller_handles,fixed,11,pass,pass,pass,pass,True,12098,results/evaluation/service_caller_handles__fixed__011.json
service_caller_handles,fixed,12,pass,pass,pass,pass,True,3866,results/evaluation/service_caller_handles__fixed__012.json
service_caller_handles,fixed,13,pass,pass,pass,pass,True,3926,results/evaluation/service_caller_handles__fixed__013.json
service_caller_handles,fixed,14,pass,pass,pass,pass,True,5468,results/evaluation/service_caller_handles__fixed__014.json
service_caller_handles,fixed,15,pass,pass,pass,pass,True,3686,results/evaluation/service_caller_handles__fixed__015.json
service_caller_handles,fixed,16,pass,pass,pass,pass,True,7412,results/evaluation/service_caller_handles__fixed__016.json
service_caller_handles,fixed,17,pass,pass,pass,pass,True,4306,results/evaluation/service_caller_handles__fixed__017.json
service_caller_handles,fixed,18,pass,pass,pass,pass,True,4808,results/evaluation/service_caller_handles__fixed__018.json
service_caller_handles,fixed,19,pass,pass,pass,pass,True,4146,results/evaluation/service_caller_handles__fixed__019.json
service_default,fixed,0,pass,pass,pass,pass,True,3766,results/evaluation/service_default__fixed__000.json
service_default,fixed,1,pass,pass,pass,pass,True,4146,results/evaluation/service_default__fixed__001.json
service_default,fixed,2,pass,pass,pass,pass,True,5208,results/evaluation/service_default__fixed__002.json
service_default,fixed,3,pass,pass,pass,pass,True,3164,results/evaluation/service_default__fixed__003.json
service_default,fixed,4,pass,pass,pass,pass,True,52198,results/evaluation/service_default__fixed__004.json
service_default,fixed,5,pass,pass,pass,pass,True,3886,results/evaluation/service_default__fixed__005.json
service_default,fixed,6,pass,pass,pass,pass,True,4306,results/evaluation/service_default__fixed__006.json
service_default,fixed,7,pass,pass,pass,pass,True,4846,results/evaluation/service_default__fixed__007.json
service_default,fixed,8,pass,pass,pass,pass,True,34110,results/evaluation/service_default__fixed__008.json
service_default,fixed,9,pass,pass,pass,pass,True,3866,results/evaluation/service_default__fixed__009.json
service_default,fixed,10,pass,pass,pass,pass,True,4126,results/evaluation/service_default__fixed__010.json
service_default,fixed,11,pass,pass,pass,pass,True,4266,results/evaluation/service_default__fixed__011.json
service_default,fixed,12,pass,pass,pass,pass,True,7070,results/evaluation/service_default__fixed__012.json
service_default,fixed,13,pass,pass,pass,pass,True,4428,results/evaluation/service_default__fixed__013.json
service_default,fixed,14,pass,pass,pass,pass,True,4608,results/evaluation/service_default__fixed__014.json
service_default,fixed,15,pass,pass,pass,pass,True,4286,results/evaluation/service_default__fixed__015.json
service_default,fixed,16,pass,pass,pass,pass,True,3966,results/evaluation/service_default__fixed__016.json
service_default,fixed,17,pass,pass,pass,pass,True,3946,results/evaluation/service_default__fixed__017.json
service_default,fixed,18,pass,pass,pass,pass,True,3846,results/evaluation/service_default__fixed__018.json
service_default,fixed,19,pass,pass,pass,pass,True,20110,results/evaluation/service_default__fixed__019.json
service_sync_corrected,fixed,0,pass,pass,pass,pass,True,6068,results/evaluation/service_sync_corrected__fixed__000.json
service_sync_corrected,fixed,1,pass,pass,pass,pass,True,6870,results/evaluation/service_sync_corrected__fixed__001.json
service_sync_corrected,fixed,2,pass,pass,pass,pass,True,5648,results/evaluation/service_sync_corrected__fixed__002.json
service_sync_corrected,fixed,3,pass,pass,pass,pass,True,5048,results/evaluation/service_sync_corrected__fixed__003.json
service_sync_corrected,fixed,4,pass,pass,pass,pass,True,8492,results/evaluation/service_sync_corrected__fixed__004.json
service_sync_corrected,fixed,5,pass,pass,pass,pass,True,5688,results/evaluation/service_sync_corrected__fixed__005.json
service_sync_corrected,fixed,6,pass,pass,pass,pass,True,61370,results/evaluation/service_sync_corrected__fixed__006.json
service_sync_corrected,fixed,7,pass,pass,pass,pass,True,52176,results/evaluation/service_sync_corrected__fixed__007.json
service_sync_corrected,fixed,8,pass,pass,pass,pass,True,8352,results/evaluation/service_sync_corrected__fixed__008.json
service_sync_corrected,fixed,9,pass,pass,pass,pass,True,6008,results/evaluation/service_sync_corrected__fixed__009.json
service_sync_corrected,fixed,10,pass,pass,pass,pass,True,6850,results/evaluation/service_sync_corrected__fixed__010.json
service_sync_corrected,fixed,11,pass,pass,pass,pass,True,6148,results/evaluation/service_sync_corrected__fixed__011.json
service_sync_corrected,fixed,12,pass,pass,pass,pass,True,6128,results/evaluation/service_sync_corrected__fixed__012.json
service_sync_corrected,fixed,13,pass,pass,pass,pass,True,5148,results/evaluation/service_sync_corrected__fixed__013.json
service_sync_corrected,fixed,14,pass,pass,pass,pass,True,5608,results/evaluation/service_sync_corrected__fixed__014.json
service_sync_corrected,fixed,15,pass,pass,pass,pass,True,80680,results/evaluation/service_sync_corrected__fixed__015.json
service_sync_corrected,fixed,16,pass,pass,pass,pass,True,5828,results/evaluation/service_sync_corrected__fixed__016.json
service_sync_corrected,fixed,17,pass,pass,pass,pass,True,5388,results/evaluation/service_sync_corrected__fixed__017.json
service_sync_corrected,fixed,18,pass,pass,pass,pass,True,5068,results/evaluation/service_sync_corrected__fixed__018.json
service_sync_corrected,fixed,19,pass,pass,pass,pass,True,6250,results/evaluation/service_sync_corrected__fixed__019.json
service_sync_gap,fixed,0,fail,fail,fail,fail,True,4408,results/evaluation/service_sync_gap__fixed__000.json
service_sync_gap,fixed,1,fail,fail,fail,fail,True,4346,results/evaluation/service_sync_gap__fixed__001.json
service_sync_gap,fixed,2,fail,fail,fail,fail,True,4066,results/evaluation/service_sync_gap__fixed__002.json
service_sync_gap,fixed,3,fail,fail,fail,fail,True,4386,results/evaluation/service_sync_gap__fixed__003.json
service_sync_gap,fixed,4,fail,fail,fail,fail,True,5728,results/evaluation/service_sync_gap__fixed__004.json
service_sync_gap,fixed,5,fail,fail,fail,fail,True,7572,results/evaluation/service_sync_gap__fixed__005.json
service_sync_gap,fixed,6,fail,fail,fail,fail,True,7832,results/evaluation/service_sync_gap__fixed__006.json
service_sync_gap,fixed,7,fail,fail,fail,fail,True,5006,results/evaluation/service_sync_gap__fixed__007.json
service_sync_gap,fixed,8,fail,fail,fail,fail,True,3986,results/evaluation/service_sync_gap__fixed__008.json
service_sync_gap,fixed,9,fail,fail,fail,fail,True,4346,results/evaluation/service_sync_gap__fixed__009.json
service_sync_gap,fixed,10,fail,fail,fail,fail,True,4146,results/evaluation/service_sync_gap__fixed__010.json
service_sync_gap,fixed,11,fail,fail,fail,fail,True,48472,results/evaluation/service_sync_gap__fixed__011.json
service_sync_gap,fixed,12,fail,fail,fail,fail,True,4146,results/evaluation/service_sync_gap__fixed__012.json
service_sync_gap,fixed,13,fail,fail,fail,fail,True,4206,results/evaluation/service_sync_gap__fixed__013.json
service_sync_gap,fixed,14,fail,fail,fail,fail,True,3866,results/evaluation/service_sync_gap__fixed__014.json
service_sync_gap,fixed,15,fail,fail,fail,fail,True,5128,results/evaluation/service_sync_gap__fixed__015.json
service_sync_gap,fixed,16,fail,fail,fail,fail,True,4326,results/evaluation/service_sync_gap__fixed__016.json
service_sync_gap,fixed,17,fail,fail,fail,fail,True,4046,results/evaluation/service_sync_gap__fixed__017.json
service_sync_gap,fixed,18,fail,fail,fail,fail,True,4646,results/evaluation/service_sync_gap__fixed__018.json
service_sync_gap,fixed,19,fail,fail,fail,fail,True,3966,results/evaluation/service_sync_gap__fixed__019.json
submission_only,fixed,0,pass,pass,pass,pass,True,4706,results/evaluation/submission_only__fixed__000.json
submission_only,fixed,1,pass,pass,pass,pass,True,5670,results/evaluation/submission_only__fixed__001.json
submission_only,fixed,2,pass,pass,pass,pass,True,14142,results/evaluation/submission_only__fixed__002.json
submission_only,fixed,3,pass,pass,pass,pass,True,16884,results/evaluation/submission_only__fixed__003.json
submission_only,fixed,4,pass,pass,pass,pass,True,48332,results/evaluation/submission_only__fixed__004.json
submission_only,fixed,5,pass,pass,pass,pass,True,18948,results/evaluation/submission_only__fixed__005.json
submission_only,fixed,6,pass,pass,pass,pass,True,4026,results/evaluation/submission_only__fixed__006.json
submission_only,fixed,7,pass,pass,pass,pass,True,4426,results/evaluation/submission_only__fixed__007.json
submission_only,fixed,8,pass,pass,pass,pass,True,4466,results/evaluation/submission_only__fixed__008.json
submission_only,fixed,9,pass,pass,pass,pass,True,11438,results/evaluation/submission_only__fixed__009.json
submission_only,fixed,10,pass,pass,pass,pass,True,19670,results/evaluation/submission_only__fixed__010.json
submission_only,fixed,11,pass,pass,pass,pass,True,4108,results/evaluation/submission_only__fixed__011.json
submission_only,fixed,12,pass,pass,pass,pass,True,5990,results/evaluation/submission_only__fixed__012.json
submission_only,fixed,13,pass,pass,pass,pass,True,4626,results/evaluation/submission_only__fixed__013.json
submission_only,fixed,14,pass,pass,pass,pass,True,5008,results/evaluation/submission_only__fixed__014.json
submission_only,fixed,15,pass,pass,pass,pass,True,4086,results/evaluation/submission_only__fixed__015.json
submission_only,fixed,16,pass,pass,pass,pass,True,13980,results/evaluation/submission_only__fixed__016.json
submission_only,fixed,17,pass,pass,pass,pass,True,4908,results/evaluation/submission_only__fixed__017.json
submission_only,fixed,18,pass,pass,pass,pass,True,4306,results/evaluation/submission_only__fixed__018.json
submission_only,fixed,19,pass,pass,pass,pass,True,4746,results/evaluation/submission_only__fixed__019.json
success,affected,0,fail,fail,fail,pass,True,8192,results/evaluation/success__affected__000.json
success,affected,1,fail,fail,fail,pass,True,3906,results/evaluation/success__affected__001.json
success,affected,2,fail,fail,fail,pass,True,5568,results/evaluation/success__affected__002.json
success,affected,3,fail,fail,fail,pass,True,5628,results/evaluation/success__affected__003.json
success,affected,4,fail,fail,fail,pass,True,5708,results/evaluation/success__affected__004.json
success,affected,5,fail,fail,fail,pass,True,13720,results/evaluation/success__affected__005.json
success,affected,6,fail,fail,fail,pass,True,4646,results/evaluation/success__affected__006.json
success,affected,7,fail,fail,fail,pass,True,5268,results/evaluation/success__affected__007.json
success,affected,8,fail,fail,fail,pass,True,8932,results/evaluation/success__affected__008.json
success,affected,9,fail,fail,fail,pass,True,13018,results/evaluation/success__affected__009.json
success,affected,10,fail,fail,fail,pass,True,5690,results/evaluation/success__affected__010.json
success,affected,11,fail,fail,fail,pass,True,3864,results/evaluation/success__affected__011.json
success,affected,12,fail,fail,fail,pass,True,5368,results/evaluation/success__affected__012.json
success,affected,13,fail,fail,fail,pass,True,4366,results/evaluation/success__affected__013.json
success,affected,14,fail,fail,fail,pass,True,5368,results/evaluation/success__affected__014.json
success,affected,15,fail,fail,fail,pass,True,5348,results/evaluation/success__affected__015.json
success,affected,16,fail,fail,fail,pass,True,4326,results/evaluation/success__affected__016.json
success,affected,17,fail,fail,fail,pass,True,5308,results/evaluation/success__affected__017.json
success,affected,18,fail,fail,fail,pass,True,6230,results/evaluation/success__affected__018.json
success,affected,19,fail,fail,fail,pass,True,7770,results/evaluation/success__affected__019.json
success,fixed,0,pass,pass,pass,pass,True,3324,results/evaluation/success__fixed__000.json
success,fixed,1,pass,pass,pass,pass,True,40622,results/evaluation/success__fixed__001.json
success,fixed,2,pass,pass,pass,pass,True,4826,results/evaluation/success__fixed__002.json
success,fixed,3,pass,pass,pass,pass,True,45248,results/evaluation/success__fixed__003.json
success,fixed,4,pass,pass,pass,pass,True,5068,results/evaluation/success__fixed__004.json
success,fixed,5,pass,pass,pass,pass,True,4928,results/evaluation/success__fixed__005.json
success,fixed,6,pass,pass,pass,pass,True,8010,results/evaluation/success__fixed__006.json
success,fixed,7,pass,pass,pass,pass,True,11538,results/evaluation/success__fixed__007.json
success,fixed,8,pass,pass,pass,pass,True,9694,results/evaluation/success__fixed__008.json
success,fixed,9,pass,pass,pass,pass,True,4406,results/evaluation/success__fixed__009.json
success,fixed,10,pass,pass,pass,pass,True,4968,results/evaluation/success__fixed__010.json
success,fixed,11,pass,pass,pass,pass,True,7270,results/evaluation/success__fixed__011.json
success,fixed,12,pass,pass,pass,pass,True,50976,results/evaluation/success__fixed__012.json
success,fixed,13,pass,pass,pass,pass,True,8612,results/evaluation/success__fixed__013.json
success,fixed,14,pass,pass,pass,pass,True,5928,results/evaluation/success__fixed__014.json
success,fixed,15,pass,pass,pass,pass,True,5708,results/evaluation/success__fixed__015.json
success,fixed,16,pass,pass,pass,pass,True,4406,results/evaluation/success__fixed__016.json
success,fixed,17,pass,pass,pass,pass,True,5468,results/evaluation/success__fixed__017.json
success,fixed,18,pass,pass,pass,pass,True,4426,results/evaluation/success__fixed__018.json
success,fixed,19,pass,pass,pass,pass,True,4026,results/evaluation/success__fixed__019.json
task_keyword,fixed,0,fail,fail,fail,fail,True,4528,results/evaluation/task_keyword__fixed__000.json
task_keyword,fixed,1,fail,fail,fail,fail,True,13460,results/evaluation/task_keyword__fixed__001.json
task_keyword,fixed,2,fail,fail,fail,fail,True,12598,results/evaluation/task_keyword__fixed__002.json
task_keyword,fixed,3,fail,fail,fail,fail,True,7550,results/evaluation/task_keyword__fixed__003.json
task_keyword,fixed,4,fail,fail,fail,fail,True,5388,results/evaluation/task_keyword__fixed__004.json
task_keyword,fixed,5,fail,fail,fail,fail,True,5768,results/evaluation/task_keyword__fixed__005.json
task_keyword,fixed,6,fail,fail,fail,fail,True,6850,results/evaluation/task_keyword__fixed__006.json
task_keyword,fixed,7,fail,fail,fail,fail,True,83404,results/evaluation/task_keyword__fixed__007.json
task_keyword,fixed,8,fail,fail,fail,fail,True,9454,results/evaluation/task_keyword__fixed__008.json
task_keyword,fixed,9,fail,fail,fail,fail,True,4326,results/evaluation/task_keyword__fixed__009.json
task_keyword,fixed,10,fail,fail,fail,fail,True,19910,results/evaluation/task_keyword__fixed__010.json
task_keyword,fixed,11,fail,fail,fail,fail,True,4286,results/evaluation/task_keyword__fixed__011.json
task_keyword,fixed,12,fail,fail,fail,fail,True,6130,results/evaluation/task_keyword__fixed__012.json
task_keyword,fixed,13,fail,fail,fail,fail,True,3886,results/evaluation/task_keyword__fixed__013.json
task_keyword,fixed,14,fail,fail,fail,fail,True,6470,results/evaluation/task_keyword__fixed__014.json
task_keyword,fixed,15,fail,fail,fail,fail,True,15924,results/evaluation/task_keyword__fixed__015.json
task_keyword,fixed,16,fail,fail,fail,fail,True,4586,results/evaluation/task_keyword__fixed__016.json
task_keyword,fixed,17,fail,fail,fail,fail,False,365564,results/evaluation/task_keyword__fixed__017.json
task_keyword,fixed,18,fail,fail,fail,fail,True,3626,results/evaluation/task_keyword__fixed__018.json
task_keyword,fixed,19,fail,fail,fail,fail,True,7450,results/evaluation/task_keyword__fixed__019.json
task_keyword,local-shape-fix,0,pass,pass,pass,pass,True,4486,results/evaluation/task_keyword__local-shape-fix__000.json
task_keyword,local-shape-fix,1,pass,pass,pass,pass,True,4326,results/evaluation/task_keyword__local-shape-fix__001.json
task_keyword,local-shape-fix,2,pass,pass,pass,pass,True,5128,results/evaluation/task_keyword__local-shape-fix__002.json
task_keyword,local-shape-fix,3,pass,pass,pass,pass,True,5268,results/evaluation/task_keyword__local-shape-fix__003.json
task_keyword,local-shape-fix,4,pass,pass,pass,pass,True,5368,results/evaluation/task_keyword__local-shape-fix__004.json
task_keyword,local-shape-fix,5,pass,pass,pass,pass,True,4006,results/evaluation/task_keyword__local-shape-fix__005.json
task_keyword,local-shape-fix,6,pass,pass,pass,pass,True,4186,results/evaluation/task_keyword__local-shape-fix__006.json
task_keyword,local-shape-fix,7,pass,pass,pass,pass,True,3644,results/evaluation/task_keyword__local-shape-fix__007.json
task_keyword,local-shape-fix,8,pass,pass,pass,pass,True,4548,results/evaluation/task_keyword__local-shape-fix__008.json
task_keyword,local-shape-fix,9,pass,pass,pass,pass,True,4046,results/evaluation/task_keyword__local-shape-fix__009.json
task_keyword,local-shape-fix,10,pass,pass,pass,pass,True,7010,results/evaluation/task_keyword__local-shape-fix__010.json
task_keyword,local-shape-fix,11,pass,pass,pass,pass,True,3906,results/evaluation/task_keyword__local-shape-fix__011.json
task_keyword,local-shape-fix,12,pass,pass,pass,pass,True,4506,results/evaluation/task_keyword__local-shape-fix__012.json
task_keyword,local-shape-fix,13,pass,pass,pass,pass,True,4668,results/evaluation/task_keyword__local-shape-fix__013.json
task_keyword,local-shape-fix,14,pass,pass,pass,pass,True,4066,results/evaluation/task_keyword__local-shape-fix__014.json
task_keyword,local-shape-fix,15,pass,pass,pass,pass,True,4386,results/evaluation/task_keyword__local-shape-fix__015.json
task_keyword,local-shape-fix,16,pass,pass,pass,pass,True,4326,results/evaluation/task_keyword__local-shape-fix__016.json
task_keyword,local-shape-fix,17,pass,pass,pass,pass,True,4106,results/evaluation/task_keyword__local-shape-fix__017.json
task_keyword,local-shape-fix,18,pass,pass,pass,pass,True,3946,results/evaluation/task_keyword__local-shape-fix__018.json
task_keyword,local-shape-fix,19,pass,pass,pass,pass,True,3804,results/evaluation/task_keyword__local-shape-fix__019.json
thread_context,fixed,0,pass,pass,pass,pass,True,4148,results/evaluation/thread_context__fixed__000.json
thread_context,fixed,1,pass,pass,pass,pass,True,6890,results/evaluation/thread_context__fixed__001.json
thread_context,fixed,2,pass,pass,pass,pass,True,13200,results/evaluation/thread_context__fixed__002.json
thread_context,fixed,3,pass,pass,pass,pass,True,4006,results/evaluation/thread_context__fixed__003.json
thread_context,fixed,4,pass,pass,pass,pass,True,3926,results/evaluation/thread_context__fixed__004.json
thread_context,fixed,5,pass,pass,pass,pass,True,4466,results/evaluation/thread_context__fixed__005.json
thread_context,fixed,6,pass,pass,pass,pass,True,4948,results/evaluation/thread_context__fixed__006.json
thread_context,fixed,7,pass,pass,pass,pass,True,4428,results/evaluation/thread_context__fixed__007.json
thread_context,fixed,8,pass,pass,pass,pass,True,4648,results/evaluation/thread_context__fixed__008.json
thread_context,fixed,9,pass,pass,pass,pass,True,4426,results/evaluation/thread_context__fixed__009.json
thread_context,fixed,10,pass,pass,pass,pass,True,4366,results/evaluation/thread_context__fixed__010.json
thread_context,fixed,11,pass,pass,pass,pass,True,12620,results/evaluation/thread_context__fixed__011.json
thread_context,fixed,12,pass,pass,pass,pass,True,12618,results/evaluation/thread_context__fixed__012.json
thread_context,fixed,13,pass,pass,pass,pass,True,14942,results/evaluation/thread_context__fixed__013.json
thread_context,fixed,14,pass,pass,pass,pass,True,15642,results/evaluation/thread_context__fixed__014.json
thread_context,fixed,15,pass,pass,pass,pass,True,3626,results/evaluation/thread_context__fixed__015.json
thread_context,fixed,16,pass,pass,pass,pass,True,3946,results/evaluation/thread_context__fixed__016.json
thread_context,fixed,17,pass,pass,pass,pass,True,4006,results/evaluation/thread_context__fixed__017.json
thread_context,fixed,18,pass,pass,pass,pass,True,15104,results/evaluation/thread_context__fixed__018.json
thread_context,fixed,19,pass,pass,pass,pass,True,3946,results/evaluation/thread_context__fixed__019.json
thread_recreate,fixed,0,pass,pass,pass,pass,True,4908,results/evaluation/thread_recreate__fixed__000.json
thread_recreate,fixed,1,pass,pass,pass,pass,True,4166,results/evaluation/thread_recreate__fixed__001.json
thread_recreate,fixed,2,pass,pass,pass,pass,True,5550,results/evaluation/thread_recreate__fixed__002.json
thread_recreate,fixed,3,pass,pass,pass,pass,True,5268,results/evaluation/thread_recreate__fixed__003.json
thread_recreate,fixed,4,pass,pass,pass,pass,True,6130,results/evaluation/thread_recreate__fixed__004.json
thread_recreate,fixed,5,pass,pass,pass,pass,True,4866,results/evaluation/thread_recreate__fixed__005.json
thread_recreate,fixed,6,pass,pass,pass,pass,True,16104,results/evaluation/thread_recreate__fixed__006.json
thread_recreate,fixed,7,pass,pass,pass,pass,True,4588,results/evaluation/thread_recreate__fixed__007.json
thread_recreate,fixed,8,pass,pass,pass,pass,True,5910,results/evaluation/thread_recreate__fixed__008.json
thread_recreate,fixed,9,pass,pass,pass,pass,True,4266,results/evaluation/thread_recreate__fixed__009.json
thread_recreate,fixed,10,pass,pass,pass,pass,True,4366,results/evaluation/thread_recreate__fixed__010.json
thread_recreate,fixed,11,pass,pass,pass,pass,True,4748,results/evaluation/thread_recreate__fixed__011.json
thread_recreate,fixed,12,pass,pass,pass,pass,True,3826,results/evaluation/thread_recreate__fixed__012.json
thread_recreate,fixed,13,pass,pass,pass,pass,True,4086,results/evaluation/thread_recreate__fixed__013.json
thread_recreate,fixed,14,pass,pass,pass,pass,True,5428,results/evaluation/thread_recreate__fixed__014.json
thread_recreate,fixed,15,pass,pass,pass,pass,True,15724,results/evaluation/thread_recreate__fixed__015.json
thread_recreate,fixed,16,pass,pass,pass,pass,True,9756,results/evaluation/thread_recreate__fixed__016.json
thread_recreate,fixed,17,pass,pass,pass,pass,True,5328,results/evaluation/thread_recreate__fixed__017.json
thread_recreate,fixed,18,pass,pass,pass,pass,True,5328,results/evaluation/thread_recreate__fixed__018.json
thread_recreate,fixed,19,pass,pass,pass,pass,True,5768,results/evaluation/thread_recreate__fixed__019.json
thread_uninstrument_live,fixed,0,fail,fail,fail,pass,True,4406,results/evaluation/thread_uninstrument_live__fixed__000.json
thread_uninstrument_live,fixed,1,fail,fail,fail,pass,True,8132,results/evaluation/thread_uninstrument_live__fixed__001.json
thread_uninstrument_live,fixed,2,fail,fail,fail,pass,True,20930,results/evaluation/thread_uninstrument_live__fixed__002.json
thread_uninstrument_live,fixed,3,fail,fail,fail,pass,True,4386,results/evaluation/thread_uninstrument_live__fixed__003.json
thread_uninstrument_live,fixed,4,fail,fail,fail,pass,True,7590,results/evaluation/thread_uninstrument_live__fixed__004.json
thread_uninstrument_live,fixed,5,fail,fail,fail,pass,True,5168,results/evaluation/thread_uninstrument_live__fixed__005.json
thread_uninstrument_live,fixed,6,fail,fail,fail,pass,True,5088,results/evaluation/thread_uninstrument_live__fixed__006.json
thread_uninstrument_live,fixed,7,fail,fail,fail,pass,True,14822,results/evaluation/thread_uninstrument_live__fixed__007.json
thread_uninstrument_live,fixed,8,fail,fail,fail,pass,True,4066,results/evaluation/thread_uninstrument_live__fixed__008.json
thread_uninstrument_live,fixed,9,fail,fail,fail,pass,True,4608,results/evaluation/thread_uninstrument_live__fixed__009.json
thread_uninstrument_live,fixed,10,fail,fail,fail,pass,True,3924,results/evaluation/thread_uninstrument_live__fixed__010.json
thread_uninstrument_live,fixed,11,fail,fail,fail,pass,True,10756,results/evaluation/thread_uninstrument_live__fixed__011.json
thread_uninstrument_live,fixed,12,fail,fail,fail,pass,True,14020,results/evaluation/thread_uninstrument_live__fixed__012.json
thread_uninstrument_live,fixed,13,fail,fail,fail,pass,True,6070,results/evaluation/thread_uninstrument_live__fixed__013.json
thread_uninstrument_live,fixed,14,fail,fail,fail,pass,True,2202,results/evaluation/thread_uninstrument_live__fixed__014.json
thread_uninstrument_live,fixed,15,fail,fail,fail,pass,True,13280,results/evaluation/thread_uninstrument_live__fixed__015.json
thread_uninstrument_live,fixed,16,fail,fail,fail,pass,True,14904,results/evaluation/thread_uninstrument_live__fixed__016.json
thread_uninstrument_live,fixed,17,fail,fail,fail,pass,True,7270,results/evaluation/thread_uninstrument_live__fixed__017.json
thread_uninstrument_live,fixed,18,fail,fail,fail,pass,True,9254,results/evaluation/thread_uninstrument_live__fixed__018.json
thread_uninstrument_live,fixed,19,fail,fail,fail,pass,True,17226,results/evaluation/thread_uninstrument_live__fixed__019.json
unknown_intent,fixed,0,inconclusive,inconclusive,inconclusive,inconclusive,True,5168,results/evaluation/unknown_intent__fixed__000.json
unknown_intent,fixed,1,inconclusive,inconclusive,inconclusive,inconclusive,True,5748,results/evaluation/unknown_intent__fixed__001.json
unknown_intent,fixed,2,inconclusive,inconclusive,inconclusive,inconclusive,True,6070,results/evaluation/unknown_intent__fixed__002.json
unknown_intent,fixed,3,inconclusive,inconclusive,inconclusive,inconclusive,True,38878,results/evaluation/unknown_intent__fixed__003.json
unknown_intent,fixed,4,inconclusive,inconclusive,inconclusive,inconclusive,True,4748,results/evaluation/unknown_intent__fixed__004.json
unknown_intent,fixed,5,inconclusive,inconclusive,inconclusive,inconclusive,True,4568,results/evaluation/unknown_intent__fixed__005.json
unknown_intent,fixed,6,inconclusive,inconclusive,inconclusive,inconclusive,True,5488,results/evaluation/unknown_intent__fixed__006.json
unknown_intent,fixed,7,inconclusive,inconclusive,inconclusive,inconclusive,True,8374,results/evaluation/unknown_intent__fixed__007.json
unknown_intent,fixed,8,inconclusive,inconclusive,inconclusive,inconclusive,True,3544,results/evaluation/unknown_intent__fixed__008.json
unknown_intent,fixed,9,inconclusive,inconclusive,inconclusive,inconclusive,True,3966,results/evaluation/unknown_intent__fixed__009.json
unknown_intent,fixed,10,inconclusive,inconclusive,inconclusive,inconclusive,True,7692,results/evaluation/unknown_intent__fixed__010.json
unknown_intent,fixed,11,inconclusive,inconclusive,inconclusive,inconclusive,True,5368,results/evaluation/unknown_intent__fixed__011.json
unknown_intent,fixed,12,inconclusive,inconclusive,inconclusive,inconclusive,True,6188,results/evaluation/unknown_intent__fixed__012.json
unknown_intent,fixed,13,inconclusive,inconclusive,inconclusive,inconclusive,True,4326,results/evaluation/unknown_intent__fixed__013.json
unknown_intent,fixed,14,inconclusive,inconclusive,inconclusive,inconclusive,True,5388,results/evaluation/unknown_intent__fixed__014.json
unknown_intent,fixed,15,inconclusive,inconclusive,inconclusive,inconclusive,True,5490,results/evaluation/unknown_intent__fixed__015.json
unknown_intent,fixed,16,inconclusive,inconclusive,inconclusive,inconclusive,True,61010,results/evaluation/unknown_intent__fixed__016.json
unknown_intent,fixed,17,inconclusive,inconclusive,inconclusive,inconclusive,True,6628,results/evaluation/unknown_intent__fixed__017.json
unknown_intent,fixed,18,inconclusive,inconclusive,inconclusive,inconclusive,True,40440,results/evaluation/unknown_intent__fixed__018.json
unknown_intent,fixed,19,inconclusive,inconclusive,inconclusive,inconclusive,True,5188,results/evaluation/unknown_intent__fixed__019.json
service_background_corrected,fixed,0,pass,pass,pass,pass,True,48492,results/holdout-corrected/service_background_corrected__fixed__000.json
service_background_corrected,fixed,1,pass,pass,pass,pass,True,4146,results/holdout-corrected/service_background_corrected__fixed__001.json
service_background_corrected,fixed,2,pass,pass,pass,pass,True,4206,results/holdout-corrected/service_background_corrected__fixed__002.json
service_background_corrected,fixed,3,pass,pass,pass,pass,True,4346,results/holdout-corrected/service_background_corrected__fixed__003.json
service_background_corrected,fixed,4,pass,pass,pass,pass,True,3786,results/holdout-corrected/service_background_corrected__fixed__004.json
service_background_corrected,fixed,5,pass,pass,pass,pass,True,3766,results/holdout-corrected/service_background_corrected__fixed__005.json
service_background_corrected,fixed,6,pass,pass,pass,pass,True,4588,results/holdout-corrected/service_background_corrected__fixed__006.json
service_background_corrected,fixed,7,pass,pass,pass,pass,True,5268,results/holdout-corrected/service_background_corrected__fixed__007.json
service_background_corrected,fixed,8,pass,pass,pass,pass,True,4988,results/holdout-corrected/service_background_corrected__fixed__008.json
service_background_corrected,fixed,9,pass,pass,pass,pass,True,3866,results/holdout-corrected/service_background_corrected__fixed__009.json
service_background_corrected,fixed,10,pass,pass,pass,pass,True,3926,results/holdout-corrected/service_background_corrected__fixed__010.json
service_background_corrected,fixed,11,pass,pass,pass,pass,True,6108,results/holdout-corrected/service_background_corrected__fixed__011.json
service_background_corrected,fixed,12,pass,pass,pass,pass,True,6070,results/holdout-corrected/service_background_corrected__fixed__012.json
service_background_corrected,fixed,13,pass,pass,pass,pass,True,3926,results/holdout-corrected/service_background_corrected__fixed__013.json
service_background_corrected,fixed,14,pass,pass,pass,pass,True,4808,results/holdout-corrected/service_background_corrected__fixed__014.json
service_background_corrected,fixed,15,pass,pass,pass,pass,True,3946,results/holdout-corrected/service_background_corrected__fixed__015.json
service_background_corrected,fixed,16,pass,pass,pass,pass,True,4368,results/holdout-corrected/service_background_corrected__fixed__016.json
service_background_corrected,fixed,17,pass,pass,pass,pass,True,5108,results/holdout-corrected/service_background_corrected__fixed__017.json
service_background_corrected,fixed,18,pass,pass,pass,pass,True,5048,results/holdout-corrected/service_background_corrected__fixed__018.json
service_background_corrected,fixed,19,pass,pass,pass,pass,True,4666,results/holdout-corrected/service_background_corrected__fixed__019.json
service_background_gap,fixed,0,fail,fail,fail,fail,True,4408,results/holdout-corrected/service_background_gap__fixed__000.json
service_background_gap,fixed,1,fail,fail,fail,fail,True,4306,results/holdout-corrected/service_background_gap__fixed__001.json
service_background_gap,fixed,2,fail,fail,fail,fail,True,4246,results/holdout-corrected/service_background_gap__fixed__002.json
service_background_gap,fixed,3,fail,fail,fail,fail,True,3886,results/holdout-corrected/service_background_gap__fixed__003.json
service_background_gap,fixed,4,fail,fail,fail,fail,True,4368,results/holdout-corrected/service_background_gap__fixed__004.json
service_background_gap,fixed,5,fail,fail,fail,fail,True,3846,results/holdout-corrected/service_background_gap__fixed__005.json
service_background_gap,fixed,6,fail,fail,fail,fail,True,3846,results/holdout-corrected/service_background_gap__fixed__006.json
service_background_gap,fixed,7,fail,fail,fail,fail,True,3986,results/holdout-corrected/service_background_gap__fixed__007.json
service_background_gap,fixed,8,fail,fail,fail,fail,True,4406,results/holdout-corrected/service_background_gap__fixed__008.json
service_background_gap,fixed,9,fail,fail,fail,fail,True,2986,results/holdout-corrected/service_background_gap__fixed__009.json
service_background_gap,fixed,10,fail,fail,fail,fail,True,4666,results/holdout-corrected/service_background_gap__fixed__010.json
service_background_gap,fixed,11,fail,fail,fail,fail,False,113728,results/holdout-corrected/service_background_gap__fixed__011.json
service_background_gap,fixed,12,fail,fail,fail,fail,True,7010,results/holdout-corrected/service_background_gap__fixed__012.json
service_background_gap,fixed,13,fail,fail,fail,fail,True,3966,results/holdout-corrected/service_background_gap__fixed__013.json
service_background_gap,fixed,14,fail,fail,fail,fail,True,4206,results/holdout-corrected/service_background_gap__fixed__014.json
service_background_gap,fixed,15,fail,fail,fail,fail,True,48312,results/holdout-corrected/service_background_gap__fixed__015.json
service_background_gap,fixed,16,fail,fail,fail,fail,True,4226,results/holdout-corrected/service_background_gap__fixed__016.json
service_background_gap,fixed,17,fail,fail,fail,fail,True,1902,results/holdout-corrected/service_background_gap__fixed__017.json
service_background_gap,fixed,18,fail,fail,fail,fail,True,4106,results/holdout-corrected/service_background_gap__fixed__018.json
service_background_gap,fixed,19,fail,fail,fail,fail,True,2124,results/holdout-corrected/service_background_gap__fixed__019.json
