mutation,repeat,base_case,expected,expected_code,ledger,direct,name,codes,raw
control_execution,0,success,pass,,pass,pass,pass,,results/mutation-challenge/control_execution__000.json
control_execution,1,success,pass,,pass,pass,pass,,results/mutation-challenge/control_execution__001.json
control_execution,2,success,pass,,pass,pass,pass,,results/mutation-challenge/control_execution__002.json
control_execution,3,success,pass,,pass,pass,pass,,results/mutation-challenge/control_execution__003.json
control_execution,4,success,pass,,pass,pass,pass,,results/mutation-challenge/control_execution__004.json
control_execution,5,success,pass,,pass,pass,pass,,results/mutation-challenge/control_execution__005.json
control_execution,6,success,pass,,pass,pass,pass,,results/mutation-challenge/control_execution__006.json
control_execution,7,success,pass,,pass,pass,pass,,results/mutation-challenge/control_execution__007.json
control_execution,8,success,pass,,pass,pass,pass,,results/mutation-challenge/control_execution__008.json
control_execution,9,success,pass,,pass,pass,pass,,results/mutation-challenge/control_execution__009.json
control_execution,10,success,pass,,pass,pass,pass,,results/mutation-challenge/control_execution__010.json
control_execution,11,success,pass,,pass,pass,pass,,results/mutation-challenge/control_execution__011.json
control_execution,12,success,pass,,pass,pass,pass,,results/mutation-challenge/control_execution__012.json
control_execution,13,success,pass,,pass,pass,pass,,results/mutation-challenge/control_execution__013.json
control_execution,14,success,pass,,pass,pass,pass,,results/mutation-challenge/control_execution__014.json
control_execution,15,success,pass,,pass,pass,pass,,results/mutation-challenge/control_execution__015.json
control_execution,16,success,pass,,pass,pass,pass,,results/mutation-challenge/control_execution__016.json
control_execution,17,success,pass,,pass,pass,pass,,results/mutation-challenge/control_execution__017.json
control_execution,18,success,pass,,pass,pass,pass,,results/mutation-challenge/control_execution__018.json
control_execution,19,success,pass,,pass,pass,pass,,results/mutation-challenge/control_execution__019.json
starts_after_entry,0,success,fail,STARTS_AFTER_ENTRY,fail,fail,pass,STARTS_AFTER_ENTRY,results/mutation-challenge/starts_after_entry__000.json
starts_after_entry,1,success,fail,STARTS_AFTER_ENTRY,fail,fail,pass,STARTS_AFTER_ENTRY,results/mutation-challenge/starts_after_entry__001.json
starts_after_entry,2,success,fail,STARTS_AFTER_ENTRY,fail,fail,pass,STARTS_AFTER_ENTRY,results/mutation-challenge/starts_after_entry__002.json
starts_after_entry,3,success,fail,STARTS_AFTER_ENTRY,fail,fail,pass,STARTS_AFTER_ENTRY,results/mutation-challenge/starts_after_entry__003.json
starts_after_entry,4,success,fail,STARTS_AFTER_ENTRY,fail,fail,pass,STARTS_AFTER_ENTRY,results/mutation-challenge/starts_after_entry__004.json
starts_after_entry,5,success,fail,STARTS_AFTER_ENTRY,fail,fail,pass,STARTS_AFTER_ENTRY,results/mutation-challenge/starts_after_entry__005.json
starts_after_entry,6,success,fail,STARTS_AFTER_ENTRY,fail,fail,pass,STARTS_AFTER_ENTRY,results/mutation-challenge/starts_after_entry__006.json
starts_after_entry,7,success,fail,STARTS_AFTER_ENTRY,fail,fail,pass,STARTS_AFTER_ENTRY,results/mutation-challenge/starts_after_entry__007.json
starts_after_entry,8,success,fail,STARTS_AFTER_ENTRY,fail,fail,pass,STARTS_AFTER_ENTRY,results/mutation-challenge/starts_after_entry__008.json
starts_after_entry,9,success,fail,STARTS_AFTER_ENTRY,fail,fail,pass,STARTS_AFTER_ENTRY,results/mutation-challenge/starts_after_entry__009.json
starts_after_entry,10,success,fail,STARTS_AFTER_ENTRY,fail,fail,pass,STARTS_AFTER_ENTRY,results/mutation-challenge/starts_after_entry__010.json
starts_after_entry,11,success,fail,STARTS_AFTER_ENTRY,fail,fail,pass,STARTS_AFTER_ENTRY,results/mutation-challenge/starts_after_entry__011.json
starts_after_entry,12,success,fail,STARTS_AFTER_ENTRY,fail,fail,pass,STARTS_AFTER_ENTRY,results/mutation-challenge/starts_after_entry__012.json
starts_after_entry,13,success,fail,STARTS_AFTER_ENTRY,fail,fail,pass,STARTS_AFTER_ENTRY,results/mutation-challenge/starts_after_entry__013.json
starts_after_entry,14,success,fail,STARTS_AFTER_ENTRY,fail,fail,pass,STARTS_AFTER_ENTRY,results/mutation-challenge/starts_after_entry__014.json
starts_after_entry,15,success,fail,STARTS_AFTER_ENTRY,fail,fail,pass,STARTS_AFTER_ENTRY,results/mutation-challenge/starts_after_entry__015.json
starts_after_entry,16,success,fail,STARTS_AFTER_ENTRY,fail,fail,pass,STARTS_AFTER_ENTRY,results/mutation-challenge/starts_after_entry__016.json
starts_after_entry,17,success,fail,STARTS_AFTER_ENTRY,fail,fail,pass,STARTS_AFTER_ENTRY,results/mutation-challenge/starts_after_entry__017.json
starts_after_entry,18,success,fail,STARTS_AFTER_ENTRY,fail,fail,pass,STARTS_AFTER_ENTRY,results/mutation-challenge/starts_after_entry__018.json
starts_after_entry,19,success,fail,STARTS_AFTER_ENTRY,fail,fail,pass,STARTS_AFTER_ENTRY,results/mutation-challenge/starts_after_entry__019.json
ends_before_exit,0,success,fail,ENDS_BEFORE_EXIT,fail,fail,pass,ENDS_BEFORE_EXIT,results/mutation-challenge/ends_before_exit__000.json
ends_before_exit,1,success,fail,ENDS_BEFORE_EXIT,fail,fail,pass,ENDS_BEFORE_EXIT,results/mutation-challenge/ends_before_exit__001.json
ends_before_exit,2,success,fail,ENDS_BEFORE_EXIT,fail,fail,pass,ENDS_BEFORE_EXIT,results/mutation-challenge/ends_before_exit__002.json
ends_before_exit,3,success,fail,ENDS_BEFORE_EXIT,fail,fail,pass,ENDS_BEFORE_EXIT,results/mutation-challenge/ends_before_exit__003.json
ends_before_exit,4,success,fail,ENDS_BEFORE_EXIT,fail,fail,pass,ENDS_BEFORE_EXIT,results/mutation-challenge/ends_before_exit__004.json
ends_before_exit,5,success,fail,ENDS_BEFORE_EXIT,fail,fail,pass,ENDS_BEFORE_EXIT,results/mutation-challenge/ends_before_exit__005.json
ends_before_exit,6,success,fail,ENDS_BEFORE_EXIT,fail,fail,pass,ENDS_BEFORE_EXIT,results/mutation-challenge/ends_before_exit__006.json
ends_before_exit,7,success,fail,ENDS_BEFORE_EXIT,fail,fail,pass,ENDS_BEFORE_EXIT,results/mutation-challenge/ends_before_exit__007.json
ends_before_exit,8,success,fail,ENDS_BEFORE_EXIT,fail,fail,pass,ENDS_BEFORE_EXIT,results/mutation-challenge/ends_before_exit__008.json
ends_before_exit,9,success,fail,ENDS_BEFORE_EXIT,fail,fail,pass,ENDS_BEFORE_EXIT,results/mutation-challenge/ends_before_exit__009.json
ends_before_exit,10,success,fail,ENDS_BEFORE_EXIT,fail,fail,pass,ENDS_BEFORE_EXIT,results/mutation-challenge/ends_before_exit__010.json
ends_before_exit,11,success,fail,ENDS_BEFORE_EXIT,fail,fail,pass,ENDS_BEFORE_EXIT,results/mutation-challenge/ends_before_exit__011.json
ends_before_exit,12,success,fail,ENDS_BEFORE_EXIT,fail,fail,pass,ENDS_BEFORE_EXIT,results/mutation-challenge/ends_before_exit__012.json
ends_before_exit,13,success,fail,ENDS_BEFORE_EXIT,fail,fail,pass,ENDS_BEFORE_EXIT,results/mutation-challenge/ends_before_exit__013.json
ends_before_exit,14,success,fail,ENDS_BEFORE_EXIT,fail,fail,pass,ENDS_BEFORE_EXIT,results/mutation-challenge/ends_before_exit__014.json
ends_before_exit,15,success,fail,ENDS_BEFORE_EXIT,fail,fail,pass,ENDS_BEFORE_EXIT,results/mutation-challenge/ends_before_exit__015.json
ends_before_exit,16,success,fail,ENDS_BEFORE_EXIT,fail,fail,pass,ENDS_BEFORE_EXIT,results/mutation-challenge/ends_before_exit__016.json
ends_before_exit,17,success,fail,ENDS_BEFORE_EXIT,fail,fail,pass,ENDS_BEFORE_EXIT,results/mutation-challenge/ends_before_exit__017.json
ends_before_exit,18,success,fail,ENDS_BEFORE_EXIT,fail,fail,pass,ENDS_BEFORE_EXIT,results/mutation-challenge/ends_before_exit__018.json
ends_before_exit,19,success,fail,ENDS_BEFORE_EXIT,fail,fail,pass,ENDS_BEFORE_EXIT,results/mutation-challenge/ends_before_exit__019.json
missing_error_status,0,escaped,fail,MISSING_ERROR_STATUS,fail,fail,pass,MISSING_ERROR_STATUS,results/mutation-challenge/missing_error_status__000.json
missing_error_status,1,escaped,fail,MISSING_ERROR_STATUS,fail,fail,pass,MISSING_ERROR_STATUS,results/mutation-challenge/missing_error_status__001.json
missing_error_status,2,escaped,fail,MISSING_ERROR_STATUS,fail,fail,pass,MISSING_ERROR_STATUS,results/mutation-challenge/missing_error_status__002.json
missing_error_status,3,escaped,fail,MISSING_ERROR_STATUS,fail,fail,pass,MISSING_ERROR_STATUS,results/mutation-challenge/missing_error_status__003.json
missing_error_status,4,escaped,fail,MISSING_ERROR_STATUS,fail,fail,pass,MISSING_ERROR_STATUS,results/mutation-challenge/missing_error_status__004.json
missing_error_status,5,escaped,fail,MISSING_ERROR_STATUS,fail,fail,pass,MISSING_ERROR_STATUS,results/mutation-challenge/missing_error_status__005.json
missing_error_status,6,escaped,fail,MISSING_ERROR_STATUS,fail,fail,pass,MISSING_ERROR_STATUS,results/mutation-challenge/missing_error_status__006.json
missing_error_status,7,escaped,fail,MISSING_ERROR_STATUS,fail,fail,pass,MISSING_ERROR_STATUS,results/mutation-challenge/missing_error_status__007.json
missing_error_status,8,escaped,fail,MISSING_ERROR_STATUS,fail,fail,pass,MISSING_ERROR_STATUS,results/mutation-challenge/missing_error_status__008.json
missing_error_status,9,escaped,fail,MISSING_ERROR_STATUS,fail,fail,pass,MISSING_ERROR_STATUS,results/mutation-challenge/missing_error_status__009.json
missing_error_status,10,escaped,fail,MISSING_ERROR_STATUS,fail,fail,pass,MISSING_ERROR_STATUS,results/mutation-challenge/missing_error_status__010.json
missing_error_status,11,escaped,fail,MISSING_ERROR_STATUS,fail,fail,pass,MISSING_ERROR_STATUS,results/mutation-challenge/missing_error_status__011.json
missing_error_status,12,escaped,fail,MISSING_ERROR_STATUS,fail,fail,pass,MISSING_ERROR_STATUS,results/mutation-challenge/missing_error_status__012.json
missing_error_status,13,escaped,fail,MISSING_ERROR_STATUS,fail,fail,pass,MISSING_ERROR_STATUS,results/mutation-challenge/missing_error_status__013.json
missing_error_status,14,escaped,fail,MISSING_ERROR_STATUS,fail,fail,pass,MISSING_ERROR_STATUS,results/mutation-challenge/missing_error_status__014.json
missing_error_status,15,escaped,fail,MISSING_ERROR_STATUS,fail,fail,pass,MISSING_ERROR_STATUS,results/mutation-challenge/missing_error_status__015.json
missing_error_status,16,escaped,fail,MISSING_ERROR_STATUS,fail,fail,pass,MISSING_ERROR_STATUS,results/mutation-challenge/missing_error_status__016.json
missing_error_status,17,escaped,fail,MISSING_ERROR_STATUS,fail,fail,pass,MISSING_ERROR_STATUS,results/mutation-challenge/missing_error_status__017.json
missing_error_status,18,escaped,fail,MISSING_ERROR_STATUS,fail,fail,pass,MISSING_ERROR_STATUS,results/mutation-challenge/missing_error_status__018.json
missing_error_status,19,escaped,fail,MISSING_ERROR_STATUS,fail,fail,pass,MISSING_ERROR_STATUS,results/mutation-challenge/missing_error_status__019.json
missing_exception_event,0,escaped,fail,MISSING_EXCEPTION_EVENT,fail,fail,pass,MISSING_EXCEPTION_EVENT,results/mutation-challenge/missing_exception_event__000.json
missing_exception_event,1,escaped,fail,MISSING_EXCEPTION_EVENT,fail,fail,pass,MISSING_EXCEPTION_EVENT,results/mutation-challenge/missing_exception_event__001.json
missing_exception_event,2,escaped,fail,MISSING_EXCEPTION_EVENT,fail,fail,pass,MISSING_EXCEPTION_EVENT,results/mutation-challenge/missing_exception_event__002.json
missing_exception_event,3,escaped,fail,MISSING_EXCEPTION_EVENT,fail,fail,pass,MISSING_EXCEPTION_EVENT,results/mutation-challenge/missing_exception_event__003.json
missing_exception_event,4,escaped,fail,MISSING_EXCEPTION_EVENT,fail,fail,pass,MISSING_EXCEPTION_EVENT,results/mutation-challenge/missing_exception_event__004.json
missing_exception_event,5,escaped,fail,MISSING_EXCEPTION_EVENT,fail,fail,pass,MISSING_EXCEPTION_EVENT,results/mutation-challenge/missing_exception_event__005.json
missing_exception_event,6,escaped,fail,MISSING_EXCEPTION_EVENT,fail,fail,pass,MISSING_EXCEPTION_EVENT,results/mutation-challenge/missing_exception_event__006.json
missing_exception_event,7,escaped,fail,MISSING_EXCEPTION_EVENT,fail,fail,pass,MISSING_EXCEPTION_EVENT,results/mutation-challenge/missing_exception_event__007.json
missing_exception_event,8,escaped,fail,MISSING_EXCEPTION_EVENT,fail,fail,pass,MISSING_EXCEPTION_EVENT,results/mutation-challenge/missing_exception_event__008.json
missing_exception_event,9,escaped,fail,MISSING_EXCEPTION_EVENT,fail,fail,pass,MISSING_EXCEPTION_EVENT,results/mutation-challenge/missing_exception_event__009.json
missing_exception_event,10,escaped,fail,MISSING_EXCEPTION_EVENT,fail,fail,pass,MISSING_EXCEPTION_EVENT,results/mutation-challenge/missing_exception_event__010.json
missing_exception_event,11,escaped,fail,MISSING_EXCEPTION_EVENT,fail,fail,pass,MISSING_EXCEPTION_EVENT,results/mutation-challenge/missing_exception_event__011.json
missing_exception_event,12,escaped,fail,MISSING_EXCEPTION_EVENT,fail,fail,pass,MISSING_EXCEPTION_EVENT,results/mutation-challenge/missing_exception_event__012.json
missing_exception_event,13,escaped,fail,MISSING_EXCEPTION_EVENT,fail,fail,pass,MISSING_EXCEPTION_EVENT,results/mutation-challenge/missing_exception_event__013.json
missing_exception_event,14,escaped,fail,MISSING_EXCEPTION_EVENT,fail,fail,pass,MISSING_EXCEPTION_EVENT,results/mutation-challenge/missing_exception_event__014.json
missing_exception_event,15,escaped,fail,MISSING_EXCEPTION_EVENT,fail,fail,pass,MISSING_EXCEPTION_EVENT,results/mutation-challenge/missing_exception_event__015.json
missing_exception_event,16,escaped,fail,MISSING_EXCEPTION_EVENT,fail,fail,pass,MISSING_EXCEPTION_EVENT,results/mutation-challenge/missing_exception_event__016.json
missing_exception_event,17,escaped,fail,MISSING_EXCEPTION_EVENT,fail,fail,pass,MISSING_EXCEPTION_EVENT,results/mutation-challenge/missing_exception_event__017.json
missing_exception_event,18,escaped,fail,MISSING_EXCEPTION_EVENT,fail,fail,pass,MISSING_EXCEPTION_EVENT,results/mutation-challenge/missing_exception_event__018.json
missing_exception_event,19,escaped,fail,MISSING_EXCEPTION_EVENT,fail,fail,pass,MISSING_EXCEPTION_EVENT,results/mutation-challenge/missing_exception_event__019.json
parent_mismatch,0,success,fail,PARENT_MISMATCH,fail,fail,pass,PARENT_MISMATCH,results/mutation-challenge/parent_mismatch__000.json
parent_mismatch,1,success,fail,PARENT_MISMATCH,fail,fail,pass,PARENT_MISMATCH,results/mutation-challenge/parent_mismatch__001.json
parent_mismatch,2,success,fail,PARENT_MISMATCH,fail,fail,pass,PARENT_MISMATCH,results/mutation-challenge/parent_mismatch__002.json
parent_mismatch,3,success,fail,PARENT_MISMATCH,fail,fail,pass,PARENT_MISMATCH,results/mutation-challenge/parent_mismatch__003.json
parent_mismatch,4,success,fail,PARENT_MISMATCH,fail,fail,pass,PARENT_MISMATCH,results/mutation-challenge/parent_mismatch__004.json
parent_mismatch,5,success,fail,PARENT_MISMATCH,fail,fail,pass,PARENT_MISMATCH,results/mutation-challenge/parent_mismatch__005.json
parent_mismatch,6,success,fail,PARENT_MISMATCH,fail,fail,pass,PARENT_MISMATCH,results/mutation-challenge/parent_mismatch__006.json
parent_mismatch,7,success,fail,PARENT_MISMATCH,fail,fail,pass,PARENT_MISMATCH,results/mutation-challenge/parent_mismatch__007.json
parent_mismatch,8,success,fail,PARENT_MISMATCH,fail,fail,pass,PARENT_MISMATCH,results/mutation-challenge/parent_mismatch__008.json
parent_mismatch,9,success,fail,PARENT_MISMATCH,fail,fail,pass,PARENT_MISMATCH,results/mutation-challenge/parent_mismatch__009.json
parent_mismatch,10,success,fail,PARENT_MISMATCH,fail,fail,pass,PARENT_MISMATCH,results/mutation-challenge/parent_mismatch__010.json
parent_mismatch,11,success,fail,PARENT_MISMATCH,fail,fail,pass,PARENT_MISMATCH,results/mutation-challenge/parent_mismatch__011.json
parent_mismatch,12,success,fail,PARENT_MISMATCH,fail,fail,pass,PARENT_MISMATCH,results/mutation-challenge/parent_mismatch__012.json
parent_mismatch,13,success,fail,PARENT_MISMATCH,fail,fail,pass,PARENT_MISMATCH,results/mutation-challenge/parent_mismatch__013.json
parent_mismatch,14,success,fail,PARENT_MISMATCH,fail,fail,pass,PARENT_MISMATCH,results/mutation-challenge/parent_mismatch__014.json
parent_mismatch,15,success,fail,PARENT_MISMATCH,fail,fail,pass,PARENT_MISMATCH,results/mutation-challenge/parent_mismatch__015.json
parent_mismatch,16,success,fail,PARENT_MISMATCH,fail,fail,pass,PARENT_MISMATCH,results/mutation-challenge/parent_mismatch__016.json
parent_mismatch,17,success,fail,PARENT_MISMATCH,fail,fail,pass,PARENT_MISMATCH,results/mutation-challenge/parent_mismatch__017.json
parent_mismatch,18,success,fail,PARENT_MISMATCH,fail,fail,pass,PARENT_MISMATCH,results/mutation-challenge/parent_mismatch__018.json
parent_mismatch,19,success,fail,PARENT_MISMATCH,fail,fail,pass,PARENT_MISMATCH,results/mutation-challenge/parent_mismatch__019.json
context_mismatch,0,success,fail,CONTEXT_MISMATCH,fail,fail,pass,CONTEXT_MISMATCH,results/mutation-challenge/context_mismatch__000.json
context_mismatch,1,success,fail,CONTEXT_MISMATCH,fail,fail,pass,CONTEXT_MISMATCH,results/mutation-challenge/context_mismatch__001.json
context_mismatch,2,success,fail,CONTEXT_MISMATCH,fail,fail,pass,CONTEXT_MISMATCH,results/mutation-challenge/context_mismatch__002.json
context_mismatch,3,success,fail,CONTEXT_MISMATCH,fail,fail,pass,CONTEXT_MISMATCH,results/mutation-challenge/context_mismatch__003.json
context_mismatch,4,success,fail,CONTEXT_MISMATCH,fail,fail,pass,CONTEXT_MISMATCH,results/mutation-challenge/context_mismatch__004.json
context_mismatch,5,success,fail,CONTEXT_MISMATCH,fail,fail,pass,CONTEXT_MISMATCH,results/mutation-challenge/context_mismatch__005.json
context_mismatch,6,success,fail,CONTEXT_MISMATCH,fail,fail,pass,CONTEXT_MISMATCH,results/mutation-challenge/context_mismatch__006.json
context_mismatch,7,success,fail,CONTEXT_MISMATCH,fail,fail,pass,CONTEXT_MISMATCH,results/mutation-challenge/context_mismatch__007.json
context_mismatch,8,success,fail,CONTEXT_MISMATCH,fail,fail,pass,CONTEXT_MISMATCH,results/mutation-challenge/context_mismatch__008.json
context_mismatch,9,success,fail,CONTEXT_MISMATCH,fail,fail,pass,CONTEXT_MISMATCH,results/mutation-challenge/context_mismatch__009.json
context_mismatch,10,success,fail,CONTEXT_MISMATCH,fail,fail,pass,CONTEXT_MISMATCH,results/mutation-challenge/context_mismatch__010.json
context_mismatch,11,success,fail,CONTEXT_MISMATCH,fail,fail,pass,CONTEXT_MISMATCH,results/mutation-challenge/context_mismatch__011.json
context_mismatch,12,success,fail,CONTEXT_MISMATCH,fail,fail,pass,CONTEXT_MISMATCH,results/mutation-challenge/context_mismatch__012.json
context_mismatch,13,success,fail,CONTEXT_MISMATCH,fail,fail,pass,CONTEXT_MISMATCH,results/mutation-challenge/context_mismatch__013.json
context_mismatch,14,success,fail,CONTEXT_MISMATCH,fail,fail,pass,CONTEXT_MISMATCH,results/mutation-challenge/context_mismatch__014.json
context_mismatch,15,success,fail,CONTEXT_MISMATCH,fail,fail,pass,CONTEXT_MISMATCH,results/mutation-challenge/context_mismatch__015.json
context_mismatch,16,success,fail,CONTEXT_MISMATCH,fail,fail,pass,CONTEXT_MISMATCH,results/mutation-challenge/context_mismatch__016.json
context_mismatch,17,success,fail,CONTEXT_MISMATCH,fail,fail,pass,CONTEXT_MISMATCH,results/mutation-challenge/context_mismatch__017.json
context_mismatch,18,success,fail,CONTEXT_MISMATCH,fail,fail,pass,CONTEXT_MISMATCH,results/mutation-challenge/context_mismatch__018.json
context_mismatch,19,success,fail,CONTEXT_MISMATCH,fail,fail,pass,CONTEXT_MISMATCH,results/mutation-challenge/context_mismatch__019.json
missing_span,0,success,fail,MISSING_SPAN,fail,fail,fail,MISSING_SPAN,results/mutation-challenge/missing_span__000.json
missing_span,1,success,fail,MISSING_SPAN,fail,fail,fail,MISSING_SPAN,results/mutation-challenge/missing_span__001.json
missing_span,2,success,fail,MISSING_SPAN,fail,fail,fail,MISSING_SPAN,results/mutation-challenge/missing_span__002.json
missing_span,3,success,fail,MISSING_SPAN,fail,fail,fail,MISSING_SPAN,results/mutation-challenge/missing_span__003.json
missing_span,4,success,fail,MISSING_SPAN,fail,fail,fail,MISSING_SPAN,results/mutation-challenge/missing_span__004.json
missing_span,5,success,fail,MISSING_SPAN,fail,fail,fail,MISSING_SPAN,results/mutation-challenge/missing_span__005.json
missing_span,6,success,fail,MISSING_SPAN,fail,fail,fail,MISSING_SPAN,results/mutation-challenge/missing_span__006.json
missing_span,7,success,fail,MISSING_SPAN,fail,fail,fail,MISSING_SPAN,results/mutation-challenge/missing_span__007.json
missing_span,8,success,fail,MISSING_SPAN,fail,fail,fail,MISSING_SPAN,results/mutation-challenge/missing_span__008.json
missing_span,9,success,fail,MISSING_SPAN,fail,fail,fail,MISSING_SPAN,results/mutation-challenge/missing_span__009.json
missing_span,10,success,fail,MISSING_SPAN,fail,fail,fail,MISSING_SPAN,results/mutation-challenge/missing_span__010.json
missing_span,11,success,fail,MISSING_SPAN,fail,fail,fail,MISSING_SPAN,results/mutation-challenge/missing_span__011.json
missing_span,12,success,fail,MISSING_SPAN,fail,fail,fail,MISSING_SPAN,results/mutation-challenge/missing_span__012.json
missing_span,13,success,fail,MISSING_SPAN,fail,fail,fail,MISSING_SPAN,results/mutation-challenge/missing_span__013.json
missing_span,14,success,fail,MISSING_SPAN,fail,fail,fail,MISSING_SPAN,results/mutation-challenge/missing_span__014.json
missing_span,15,success,fail,MISSING_SPAN,fail,fail,fail,MISSING_SPAN,results/mutation-challenge/missing_span__015.json
missing_span,16,success,fail,MISSING_SPAN,fail,fail,fail,MISSING_SPAN,results/mutation-challenge/missing_span__016.json
missing_span,17,success,fail,MISSING_SPAN,fail,fail,fail,MISSING_SPAN,results/mutation-challenge/missing_span__017.json
missing_span,18,success,fail,MISSING_SPAN,fail,fail,fail,MISSING_SPAN,results/mutation-challenge/missing_span__018.json
missing_span,19,success,fail,MISSING_SPAN,fail,fail,fail,MISSING_SPAN,results/mutation-challenge/missing_span__019.json
export_loss,0,success,inconclusive,EXPORT_LOSS,inconclusive,inconclusive,fail,EXPORT_LOSS,results/mutation-challenge/export_loss__000.json
export_loss,1,success,inconclusive,EXPORT_LOSS,inconclusive,inconclusive,fail,EXPORT_LOSS,results/mutation-challenge/export_loss__001.json
export_loss,2,success,inconclusive,EXPORT_LOSS,inconclusive,inconclusive,fail,EXPORT_LOSS,results/mutation-challenge/export_loss__002.json
export_loss,3,success,inconclusive,EXPORT_LOSS,inconclusive,inconclusive,fail,EXPORT_LOSS,results/mutation-challenge/export_loss__003.json
export_loss,4,success,inconclusive,EXPORT_LOSS,inconclusive,inconclusive,fail,EXPORT_LOSS,results/mutation-challenge/export_loss__004.json
export_loss,5,success,inconclusive,EXPORT_LOSS,inconclusive,inconclusive,fail,EXPORT_LOSS,results/mutation-challenge/export_loss__005.json
export_loss,6,success,inconclusive,EXPORT_LOSS,inconclusive,inconclusive,fail,EXPORT_LOSS,results/mutation-challenge/export_loss__006.json
export_loss,7,success,inconclusive,EXPORT_LOSS,inconclusive,inconclusive,fail,EXPORT_LOSS,results/mutation-challenge/export_loss__007.json
export_loss,8,success,inconclusive,EXPORT_LOSS,inconclusive,inconclusive,fail,EXPORT_LOSS,results/mutation-challenge/export_loss__008.json
export_loss,9,success,inconclusive,EXPORT_LOSS,inconclusive,inconclusive,fail,EXPORT_LOSS,results/mutation-challenge/export_loss__009.json
export_loss,10,success,inconclusive,EXPORT_LOSS,inconclusive,inconclusive,fail,EXPORT_LOSS,results/mutation-challenge/export_loss__010.json
export_loss,11,success,inconclusive,EXPORT_LOSS,inconclusive,inconclusive,fail,EXPORT_LOSS,results/mutation-challenge/export_loss__011.json
export_loss,12,success,inconclusive,EXPORT_LOSS,inconclusive,inconclusive,fail,EXPORT_LOSS,results/mutation-challenge/export_loss__012.json
export_loss,13,success,inconclusive,EXPORT_LOSS,inconclusive,inconclusive,fail,EXPORT_LOSS,results/mutation-challenge/export_loss__013.json
export_loss,14,success,inconclusive,EXPORT_LOSS,inconclusive,inconclusive,fail,EXPORT_LOSS,results/mutation-challenge/export_loss__014.json
export_loss,15,success,inconclusive,EXPORT_LOSS,inconclusive,inconclusive,fail,EXPORT_LOSS,results/mutation-challenge/export_loss__015.json
export_loss,16,success,inconclusive,EXPORT_LOSS,inconclusive,inconclusive,fail,EXPORT_LOSS,results/mutation-challenge/export_loss__016.json
export_loss,17,success,inconclusive,EXPORT_LOSS,inconclusive,inconclusive,fail,EXPORT_LOSS,results/mutation-challenge/export_loss__017.json
export_loss,18,success,inconclusive,EXPORT_LOSS,inconclusive,inconclusive,fail,EXPORT_LOSS,results/mutation-challenge/export_loss__018.json
export_loss,19,success,inconclusive,EXPORT_LOSS,inconclusive,inconclusive,fail,EXPORT_LOSS,results/mutation-challenge/export_loss__019.json
collection_unqualified,0,success,inconclusive,COLLECTION_NOT_QUALIFIED,inconclusive,inconclusive,inconclusive,COLLECTION_NOT_QUALIFIED,results/mutation-challenge/collection_unqualified__000.json
collection_unqualified,1,success,inconclusive,COLLECTION_NOT_QUALIFIED,inconclusive,inconclusive,inconclusive,COLLECTION_NOT_QUALIFIED,results/mutation-challenge/collection_unqualified__001.json
collection_unqualified,2,success,inconclusive,COLLECTION_NOT_QUALIFIED,inconclusive,inconclusive,inconclusive,COLLECTION_NOT_QUALIFIED,results/mutation-challenge/collection_unqualified__002.json
collection_unqualified,3,success,inconclusive,COLLECTION_NOT_QUALIFIED,inconclusive,inconclusive,inconclusive,COLLECTION_NOT_QUALIFIED,results/mutation-challenge/collection_unqualified__003.json
collection_unqualified,4,success,inconclusive,COLLECTION_NOT_QUALIFIED,inconclusive,inconclusive,inconclusive,COLLECTION_NOT_QUALIFIED,results/mutation-challenge/collection_unqualified__004.json
collection_unqualified,5,success,inconclusive,COLLECTION_NOT_QUALIFIED,inconclusive,inconclusive,inconclusive,COLLECTION_NOT_QUALIFIED,results/mutation-challenge/collection_unqualified__005.json
collection_unqualified,6,success,inconclusive,COLLECTION_NOT_QUALIFIED,inconclusive,inconclusive,inconclusive,COLLECTION_NOT_QUALIFIED,results/mutation-challenge/collection_unqualified__006.json
collection_unqualified,7,success,inconclusive,COLLECTION_NOT_QUALIFIED,inconclusive,inconclusive,inconclusive,COLLECTION_NOT_QUALIFIED,results/mutation-challenge/collection_unqualified__007.json
collection_unqualified,8,success,inconclusive,COLLECTION_NOT_QUALIFIED,inconclusive,inconclusive,inconclusive,COLLECTION_NOT_QUALIFIED,results/mutation-challenge/collection_unqualified__008.json
collection_unqualified,9,success,inconclusive,COLLECTION_NOT_QUALIFIED,inconclusive,inconclusive,inconclusive,COLLECTION_NOT_QUALIFIED,results/mutation-challenge/collection_unqualified__009.json
collection_unqualified,10,success,inconclusive,COLLECTION_NOT_QUALIFIED,inconclusive,inconclusive,inconclusive,COLLECTION_NOT_QUALIFIED,results/mutation-challenge/collection_unqualified__010.json
collection_unqualified,11,success,inconclusive,COLLECTION_NOT_QUALIFIED,inconclusive,inconclusive,inconclusive,COLLECTION_NOT_QUALIFIED,results/mutation-challenge/collection_unqualified__011.json
collection_unqualified,12,success,inconclusive,COLLECTION_NOT_QUALIFIED,inconclusive,inconclusive,inconclusive,COLLECTION_NOT_QUALIFIED,results/mutation-challenge/collection_unqualified__012.json
collection_unqualified,13,success,inconclusive,COLLECTION_NOT_QUALIFIED,inconclusive,inconclusive,inconclusive,COLLECTION_NOT_QUALIFIED,results/mutation-challenge/collection_unqualified__013.json
collection_unqualified,14,success,inconclusive,COLLECTION_NOT_QUALIFIED,inconclusive,inconclusive,inconclusive,COLLECTION_NOT_QUALIFIED,results/mutation-challenge/collection_unqualified__014.json
collection_unqualified,15,success,inconclusive,COLLECTION_NOT_QUALIFIED,inconclusive,inconclusive,inconclusive,COLLECTION_NOT_QUALIFIED,results/mutation-challenge/collection_unqualified__015.json
collection_unqualified,16,success,inconclusive,COLLECTION_NOT_QUALIFIED,inconclusive,inconclusive,inconclusive,COLLECTION_NOT_QUALIFIED,results/mutation-challenge/collection_unqualified__016.json
collection_unqualified,17,success,inconclusive,COLLECTION_NOT_QUALIFIED,inconclusive,inconclusive,inconclusive,COLLECTION_NOT_QUALIFIED,results/mutation-challenge/collection_unqualified__017.json
collection_unqualified,18,success,inconclusive,COLLECTION_NOT_QUALIFIED,inconclusive,inconclusive,inconclusive,COLLECTION_NOT_QUALIFIED,results/mutation-challenge/collection_unqualified__018.json
collection_unqualified,19,success,inconclusive,COLLECTION_NOT_QUALIFIED,inconclusive,inconclusive,inconclusive,COLLECTION_NOT_QUALIFIED,results/mutation-challenge/collection_unqualified__019.json
duplicate_association,0,success,inconclusive,AMBIGUOUS_ASSOCIATION,inconclusive,inconclusive,fail,AMBIGUOUS_ASSOCIATION,results/mutation-challenge/duplicate_association__000.json
duplicate_association,1,success,inconclusive,AMBIGUOUS_ASSOCIATION,inconclusive,inconclusive,fail,AMBIGUOUS_ASSOCIATION,results/mutation-challenge/duplicate_association__001.json
duplicate_association,2,success,inconclusive,AMBIGUOUS_ASSOCIATION,inconclusive,inconclusive,fail,AMBIGUOUS_ASSOCIATION,results/mutation-challenge/duplicate_association__002.json
duplicate_association,3,success,inconclusive,AMBIGUOUS_ASSOCIATION,inconclusive,inconclusive,fail,AMBIGUOUS_ASSOCIATION,results/mutation-challenge/duplicate_association__003.json
duplicate_association,4,success,inconclusive,AMBIGUOUS_ASSOCIATION,inconclusive,inconclusive,fail,AMBIGUOUS_ASSOCIATION,results/mutation-challenge/duplicate_association__004.json
duplicate_association,5,success,inconclusive,AMBIGUOUS_ASSOCIATION,inconclusive,inconclusive,fail,AMBIGUOUS_ASSOCIATION,results/mutation-challenge/duplicate_association__005.json
duplicate_association,6,success,inconclusive,AMBIGUOUS_ASSOCIATION,inconclusive,inconclusive,fail,AMBIGUOUS_ASSOCIATION,results/mutation-challenge/duplicate_association__006.json
duplicate_association,7,success,inconclusive,AMBIGUOUS_ASSOCIATION,inconclusive,inconclusive,fail,AMBIGUOUS_ASSOCIATION,results/mutation-challenge/duplicate_association__007.json
duplicate_association,8,success,inconclusive,AMBIGUOUS_ASSOCIATION,inconclusive,inconclusive,fail,AMBIGUOUS_ASSOCIATION,results/mutation-challenge/duplicate_association__008.json
duplicate_association,9,success,inconclusive,AMBIGUOUS_ASSOCIATION,inconclusive,inconclusive,fail,AMBIGUOUS_ASSOCIATION,results/mutation-challenge/duplicate_association__009.json
duplicate_association,10,success,inconclusive,AMBIGUOUS_ASSOCIATION,inconclusive,inconclusive,fail,AMBIGUOUS_ASSOCIATION,results/mutation-challenge/duplicate_association__010.json
duplicate_association,11,success,inconclusive,AMBIGUOUS_ASSOCIATION,inconclusive,inconclusive,fail,AMBIGUOUS_ASSOCIATION,results/mutation-challenge/duplicate_association__011.json
duplicate_association,12,success,inconclusive,AMBIGUOUS_ASSOCIATION,inconclusive,inconclusive,fail,AMBIGUOUS_ASSOCIATION,results/mutation-challenge/duplicate_association__012.json
duplicate_association,13,success,inconclusive,AMBIGUOUS_ASSOCIATION,inconclusive,inconclusive,fail,AMBIGUOUS_ASSOCIATION,results/mutation-challenge/duplicate_association__013.json
duplicate_association,14,success,inconclusive,AMBIGUOUS_ASSOCIATION,inconclusive,inconclusive,fail,AMBIGUOUS_ASSOCIATION,results/mutation-challenge/duplicate_association__014.json
duplicate_association,15,success,inconclusive,AMBIGUOUS_ASSOCIATION,inconclusive,inconclusive,fail,AMBIGUOUS_ASSOCIATION,results/mutation-challenge/duplicate_association__015.json
duplicate_association,16,success,inconclusive,AMBIGUOUS_ASSOCIATION,inconclusive,inconclusive,fail,AMBIGUOUS_ASSOCIATION,results/mutation-challenge/duplicate_association__016.json
duplicate_association,17,success,inconclusive,AMBIGUOUS_ASSOCIATION,inconclusive,inconclusive,fail,AMBIGUOUS_ASSOCIATION,results/mutation-challenge/duplicate_association__017.json
duplicate_association,18,success,inconclusive,AMBIGUOUS_ASSOCIATION,inconclusive,inconclusive,fail,AMBIGUOUS_ASSOCIATION,results/mutation-challenge/duplicate_association__018.json
duplicate_association,19,success,inconclusive,AMBIGUOUS_ASSOCIATION,inconclusive,inconclusive,fail,AMBIGUOUS_ASSOCIATION,results/mutation-challenge/duplicate_association__019.json
includes_queue_wait,0,queue,fail,INCLUDES_QUEUE_WAIT,fail,fail,pass,INCLUDES_QUEUE_WAIT,results/mutation-challenge/includes_queue_wait__000.json
includes_queue_wait,1,queue,fail,INCLUDES_QUEUE_WAIT,fail,fail,pass,INCLUDES_QUEUE_WAIT,results/mutation-challenge/includes_queue_wait__001.json
includes_queue_wait,2,queue,fail,INCLUDES_QUEUE_WAIT,fail,fail,pass,INCLUDES_QUEUE_WAIT,results/mutation-challenge/includes_queue_wait__002.json
includes_queue_wait,3,queue,fail,INCLUDES_QUEUE_WAIT,fail,fail,pass,INCLUDES_QUEUE_WAIT,results/mutation-challenge/includes_queue_wait__003.json
includes_queue_wait,4,queue,fail,INCLUDES_QUEUE_WAIT,fail,fail,pass,INCLUDES_QUEUE_WAIT,results/mutation-challenge/includes_queue_wait__004.json
includes_queue_wait,5,queue,fail,INCLUDES_QUEUE_WAIT,fail,fail,pass,INCLUDES_QUEUE_WAIT,results/mutation-challenge/includes_queue_wait__005.json
includes_queue_wait,6,queue,fail,INCLUDES_QUEUE_WAIT,fail,fail,pass,INCLUDES_QUEUE_WAIT,results/mutation-challenge/includes_queue_wait__006.json
includes_queue_wait,7,queue,fail,INCLUDES_QUEUE_WAIT,fail,fail,pass,INCLUDES_QUEUE_WAIT,results/mutation-challenge/includes_queue_wait__007.json
includes_queue_wait,8,queue,fail,INCLUDES_QUEUE_WAIT,fail,fail,pass,INCLUDES_QUEUE_WAIT,results/mutation-challenge/includes_queue_wait__008.json
includes_queue_wait,9,queue,fail,INCLUDES_QUEUE_WAIT,fail,fail,pass,INCLUDES_QUEUE_WAIT,results/mutation-challenge/includes_queue_wait__009.json
includes_queue_wait,10,queue,fail,INCLUDES_QUEUE_WAIT,fail,fail,pass,INCLUDES_QUEUE_WAIT,results/mutation-challenge/includes_queue_wait__010.json
includes_queue_wait,11,queue,fail,INCLUDES_QUEUE_WAIT,fail,fail,pass,INCLUDES_QUEUE_WAIT,results/mutation-challenge/includes_queue_wait__011.json
includes_queue_wait,12,queue,fail,INCLUDES_QUEUE_WAIT,fail,fail,pass,INCLUDES_QUEUE_WAIT,results/mutation-challenge/includes_queue_wait__012.json
includes_queue_wait,13,queue,fail,INCLUDES_QUEUE_WAIT,fail,fail,pass,INCLUDES_QUEUE_WAIT,results/mutation-challenge/includes_queue_wait__013.json
includes_queue_wait,14,queue,fail,INCLUDES_QUEUE_WAIT,fail,fail,pass,INCLUDES_QUEUE_WAIT,results/mutation-challenge/includes_queue_wait__014.json
includes_queue_wait,15,queue,fail,INCLUDES_QUEUE_WAIT,fail,fail,pass,INCLUDES_QUEUE_WAIT,results/mutation-challenge/includes_queue_wait__015.json
includes_queue_wait,16,queue,fail,INCLUDES_QUEUE_WAIT,fail,fail,pass,INCLUDES_QUEUE_WAIT,results/mutation-challenge/includes_queue_wait__016.json
includes_queue_wait,17,queue,fail,INCLUDES_QUEUE_WAIT,fail,fail,pass,INCLUDES_QUEUE_WAIT,results/mutation-challenge/includes_queue_wait__017.json
includes_queue_wait,18,queue,fail,INCLUDES_QUEUE_WAIT,fail,fail,pass,INCLUDES_QUEUE_WAIT,results/mutation-challenge/includes_queue_wait__018.json
includes_queue_wait,19,queue,fail,INCLUDES_QUEUE_WAIT,fail,fail,pass,INCLUDES_QUEUE_WAIT,results/mutation-challenge/includes_queue_wait__019.json
unknown_intent,0,success,inconclusive,UNDECLARED_INTENT,inconclusive,inconclusive,inconclusive,UNDECLARED_INTENT,results/mutation-challenge/unknown_intent__000.json
unknown_intent,1,success,inconclusive,UNDECLARED_INTENT,inconclusive,inconclusive,inconclusive,UNDECLARED_INTENT,results/mutation-challenge/unknown_intent__001.json
unknown_intent,2,success,inconclusive,UNDECLARED_INTENT,inconclusive,inconclusive,inconclusive,UNDECLARED_INTENT,results/mutation-challenge/unknown_intent__002.json
unknown_intent,3,success,inconclusive,UNDECLARED_INTENT,inconclusive,inconclusive,inconclusive,UNDECLARED_INTENT,results/mutation-challenge/unknown_intent__003.json
unknown_intent,4,success,inconclusive,UNDECLARED_INTENT,inconclusive,inconclusive,inconclusive,UNDECLARED_INTENT,results/mutation-challenge/unknown_intent__004.json
unknown_intent,5,success,inconclusive,UNDECLARED_INTENT,inconclusive,inconclusive,inconclusive,UNDECLARED_INTENT,results/mutation-challenge/unknown_intent__005.json
unknown_intent,6,success,inconclusive,UNDECLARED_INTENT,inconclusive,inconclusive,inconclusive,UNDECLARED_INTENT,results/mutation-challenge/unknown_intent__006.json
unknown_intent,7,success,inconclusive,UNDECLARED_INTENT,inconclusive,inconclusive,inconclusive,UNDECLARED_INTENT,results/mutation-challenge/unknown_intent__007.json
unknown_intent,8,success,inconclusive,UNDECLARED_INTENT,inconclusive,inconclusive,inconclusive,UNDECLARED_INTENT,results/mutation-challenge/unknown_intent__008.json
unknown_intent,9,success,inconclusive,UNDECLARED_INTENT,inconclusive,inconclusive,inconclusive,UNDECLARED_INTENT,results/mutation-challenge/unknown_intent__009.json
unknown_intent,10,success,inconclusive,UNDECLARED_INTENT,inconclusive,inconclusive,inconclusive,UNDECLARED_INTENT,results/mutation-challenge/unknown_intent__010.json
unknown_intent,11,success,inconclusive,UNDECLARED_INTENT,inconclusive,inconclusive,inconclusive,UNDECLARED_INTENT,results/mutation-challenge/unknown_intent__011.json
unknown_intent,12,success,inconclusive,UNDECLARED_INTENT,inconclusive,inconclusive,inconclusive,UNDECLARED_INTENT,results/mutation-challenge/unknown_intent__012.json
unknown_intent,13,success,inconclusive,UNDECLARED_INTENT,inconclusive,inconclusive,inconclusive,UNDECLARED_INTENT,results/mutation-challenge/unknown_intent__013.json
unknown_intent,14,success,inconclusive,UNDECLARED_INTENT,inconclusive,inconclusive,inconclusive,UNDECLARED_INTENT,results/mutation-challenge/unknown_intent__014.json
unknown_intent,15,success,inconclusive,UNDECLARED_INTENT,inconclusive,inconclusive,inconclusive,UNDECLARED_INTENT,results/mutation-challenge/unknown_intent__015.json
unknown_intent,16,success,inconclusive,UNDECLARED_INTENT,inconclusive,inconclusive,inconclusive,UNDECLARED_INTENT,results/mutation-challenge/unknown_intent__016.json
unknown_intent,17,success,inconclusive,UNDECLARED_INTENT,inconclusive,inconclusive,inconclusive,UNDECLARED_INTENT,results/mutation-challenge/unknown_intent__017.json
unknown_intent,18,success,inconclusive,UNDECLARED_INTENT,inconclusive,inconclusive,inconclusive,UNDECLARED_INTENT,results/mutation-challenge/unknown_intent__018.json
unknown_intent,19,success,inconclusive,UNDECLARED_INTENT,inconclusive,inconclusive,inconclusive,UNDECLARED_INTENT,results/mutation-challenge/unknown_intent__019.json
clock_unqualified,0,success,inconclusive,CLOCK_UNQUALIFIED,inconclusive,inconclusive,pass,CLOCK_UNQUALIFIED,results/mutation-challenge/clock_unqualified__000.json
clock_unqualified,1,success,inconclusive,CLOCK_UNQUALIFIED,inconclusive,inconclusive,pass,CLOCK_UNQUALIFIED,results/mutation-challenge/clock_unqualified__001.json
clock_unqualified,2,success,inconclusive,CLOCK_UNQUALIFIED,inconclusive,inconclusive,pass,CLOCK_UNQUALIFIED,results/mutation-challenge/clock_unqualified__002.json
clock_unqualified,3,success,inconclusive,CLOCK_UNQUALIFIED,inconclusive,inconclusive,pass,CLOCK_UNQUALIFIED,results/mutation-challenge/clock_unqualified__003.json
clock_unqualified,4,success,inconclusive,CLOCK_UNQUALIFIED,inconclusive,inconclusive,pass,CLOCK_UNQUALIFIED,results/mutation-challenge/clock_unqualified__004.json
clock_unqualified,5,success,inconclusive,CLOCK_UNQUALIFIED,inconclusive,inconclusive,pass,CLOCK_UNQUALIFIED,results/mutation-challenge/clock_unqualified__005.json
clock_unqualified,6,success,inconclusive,CLOCK_UNQUALIFIED,inconclusive,inconclusive,pass,CLOCK_UNQUALIFIED,results/mutation-challenge/clock_unqualified__006.json
clock_unqualified,7,success,inconclusive,CLOCK_UNQUALIFIED,inconclusive,inconclusive,pass,CLOCK_UNQUALIFIED,results/mutation-challenge/clock_unqualified__007.json
clock_unqualified,8,success,inconclusive,CLOCK_UNQUALIFIED,inconclusive,inconclusive,pass,CLOCK_UNQUALIFIED,results/mutation-challenge/clock_unqualified__008.json
clock_unqualified,9,success,inconclusive,CLOCK_UNQUALIFIED,inconclusive,inconclusive,pass,CLOCK_UNQUALIFIED,results/mutation-challenge/clock_unqualified__009.json
clock_unqualified,10,success,inconclusive,CLOCK_UNQUALIFIED,inconclusive,inconclusive,pass,CLOCK_UNQUALIFIED,results/mutation-challenge/clock_unqualified__010.json
clock_unqualified,11,success,inconclusive,CLOCK_UNQUALIFIED,inconclusive,inconclusive,pass,CLOCK_UNQUALIFIED,results/mutation-challenge/clock_unqualified__011.json
clock_unqualified,12,success,inconclusive,CLOCK_UNQUALIFIED,inconclusive,inconclusive,pass,CLOCK_UNQUALIFIED,results/mutation-challenge/clock_unqualified__012.json
clock_unqualified,13,success,inconclusive,CLOCK_UNQUALIFIED,inconclusive,inconclusive,pass,CLOCK_UNQUALIFIED,results/mutation-challenge/clock_unqualified__013.json
clock_unqualified,14,success,inconclusive,CLOCK_UNQUALIFIED,inconclusive,inconclusive,pass,CLOCK_UNQUALIFIED,results/mutation-challenge/clock_unqualified__014.json
clock_unqualified,15,success,inconclusive,CLOCK_UNQUALIFIED,inconclusive,inconclusive,pass,CLOCK_UNQUALIFIED,results/mutation-challenge/clock_unqualified__015.json
clock_unqualified,16,success,inconclusive,CLOCK_UNQUALIFIED,inconclusive,inconclusive,pass,CLOCK_UNQUALIFIED,results/mutation-challenge/clock_unqualified__016.json
clock_unqualified,17,success,inconclusive,CLOCK_UNQUALIFIED,inconclusive,inconclusive,pass,CLOCK_UNQUALIFIED,results/mutation-challenge/clock_unqualified__017.json
clock_unqualified,18,success,inconclusive,CLOCK_UNQUALIFIED,inconclusive,inconclusive,pass,CLOCK_UNQUALIFIED,results/mutation-challenge/clock_unqualified__018.json
clock_unqualified,19,success,inconclusive,CLOCK_UNQUALIFIED,inconclusive,inconclusive,pass,CLOCK_UNQUALIFIED,results/mutation-challenge/clock_unqualified__019.json
control_submission,0,submission_only,pass,,pass,pass,pass,,results/mutation-challenge/control_submission__000.json
control_submission,1,submission_only,pass,,pass,pass,pass,,results/mutation-challenge/control_submission__001.json
control_submission,2,submission_only,pass,,pass,pass,pass,,results/mutation-challenge/control_submission__002.json
control_submission,3,submission_only,pass,,pass,pass,pass,,results/mutation-challenge/control_submission__003.json
control_submission,4,submission_only,pass,,pass,pass,pass,,results/mutation-challenge/control_submission__004.json
control_submission,5,submission_only,pass,,pass,pass,pass,,results/mutation-challenge/control_submission__005.json
control_submission,6,submission_only,pass,,pass,pass,pass,,results/mutation-challenge/control_submission__006.json
control_submission,7,submission_only,pass,,pass,pass,pass,,results/mutation-challenge/control_submission__007.json
control_submission,8,submission_only,pass,,pass,pass,pass,,results/mutation-challenge/control_submission__008.json
control_submission,9,submission_only,pass,,pass,pass,pass,,results/mutation-challenge/control_submission__009.json
control_submission,10,submission_only,pass,,pass,pass,pass,,results/mutation-challenge/control_submission__010.json
control_submission,11,submission_only,pass,,pass,pass,pass,,results/mutation-challenge/control_submission__011.json
control_submission,12,submission_only,pass,,pass,pass,pass,,results/mutation-challenge/control_submission__012.json
control_submission,13,submission_only,pass,,pass,pass,pass,,results/mutation-challenge/control_submission__013.json
control_submission,14,submission_only,pass,,pass,pass,pass,,results/mutation-challenge/control_submission__014.json
control_submission,15,submission_only,pass,,pass,pass,pass,,results/mutation-challenge/control_submission__015.json
control_submission,16,submission_only,pass,,pass,pass,pass,,results/mutation-challenge/control_submission__016.json
control_submission,17,submission_only,pass,,pass,pass,pass,,results/mutation-challenge/control_submission__017.json
control_submission,18,submission_only,pass,,pass,pass,pass,,results/mutation-challenge/control_submission__018.json
control_submission,19,submission_only,pass,,pass,pass,pass,,results/mutation-challenge/control_submission__019.json
submission_as_execution,0,submission_only,fail,ENDS_BEFORE_EXIT,fail,fail,pass,ENDS_BEFORE_EXIT,results/mutation-challenge/submission_as_execution__000.json
submission_as_execution,1,submission_only,fail,ENDS_BEFORE_EXIT,fail,fail,pass,ENDS_BEFORE_EXIT,results/mutation-challenge/submission_as_execution__001.json
submission_as_execution,2,submission_only,fail,ENDS_BEFORE_EXIT,fail,fail,pass,ENDS_BEFORE_EXIT,results/mutation-challenge/submission_as_execution__002.json
submission_as_execution,3,submission_only,fail,ENDS_BEFORE_EXIT,fail,fail,pass,ENDS_BEFORE_EXIT,results/mutation-challenge/submission_as_execution__003.json
submission_as_execution,4,submission_only,fail,ENDS_BEFORE_EXIT,fail,fail,pass,ENDS_BEFORE_EXIT,results/mutation-challenge/submission_as_execution__004.json
submission_as_execution,5,submission_only,fail,ENDS_BEFORE_EXIT,fail,fail,pass,ENDS_BEFORE_EXIT,results/mutation-challenge/submission_as_execution__005.json
submission_as_execution,6,submission_only,fail,ENDS_BEFORE_EXIT,fail,fail,pass,ENDS_BEFORE_EXIT,results/mutation-challenge/submission_as_execution__006.json
submission_as_execution,7,submission_only,fail,ENDS_BEFORE_EXIT,fail,fail,pass,ENDS_BEFORE_EXIT,results/mutation-challenge/submission_as_execution__007.json
submission_as_execution,8,submission_only,fail,ENDS_BEFORE_EXIT,fail,fail,pass,ENDS_BEFORE_EXIT,results/mutation-challenge/submission_as_execution__008.json
submission_as_execution,9,submission_only,fail,ENDS_BEFORE_EXIT,fail,fail,pass,ENDS_BEFORE_EXIT,results/mutation-challenge/submission_as_execution__009.json
submission_as_execution,10,submission_only,fail,ENDS_BEFORE_EXIT,fail,fail,pass,ENDS_BEFORE_EXIT,results/mutation-challenge/submission_as_execution__010.json
submission_as_execution,11,submission_only,fail,ENDS_BEFORE_EXIT,fail,fail,pass,ENDS_BEFORE_EXIT,results/mutation-challenge/submission_as_execution__011.json
submission_as_execution,12,submission_only,fail,ENDS_BEFORE_EXIT,fail,fail,pass,ENDS_BEFORE_EXIT,results/mutation-challenge/submission_as_execution__012.json
submission_as_execution,13,submission_only,fail,ENDS_BEFORE_EXIT,fail,fail,pass,ENDS_BEFORE_EXIT,results/mutation-challenge/submission_as_execution__013.json
submission_as_execution,14,submission_only,fail,ENDS_BEFORE_EXIT,fail,fail,pass,ENDS_BEFORE_EXIT,results/mutation-challenge/submission_as_execution__014.json
submission_as_execution,15,submission_only,fail,ENDS_BEFORE_EXIT,fail,fail,pass,ENDS_BEFORE_EXIT,results/mutation-challenge/submission_as_execution__015.json
submission_as_execution,16,submission_only,fail,ENDS_BEFORE_EXIT,fail,fail,pass,ENDS_BEFORE_EXIT,results/mutation-challenge/submission_as_execution__016.json
submission_as_execution,17,submission_only,fail,ENDS_BEFORE_EXIT,fail,fail,pass,ENDS_BEFORE_EXIT,results/mutation-challenge/submission_as_execution__017.json
submission_as_execution,18,submission_only,fail,ENDS_BEFORE_EXIT,fail,fail,pass,ENDS_BEFORE_EXIT,results/mutation-challenge/submission_as_execution__018.json
submission_as_execution,19,submission_only,fail,ENDS_BEFORE_EXIT,fail,fail,pass,ENDS_BEFORE_EXIT,results/mutation-challenge/submission_as_execution__019.json
both_missing_submission,0,both_lifetimes,inconclusive,MISSING_SUBMISSION_BOUNDARY,inconclusive,inconclusive,pass,MISSING_SUBMISSION_BOUNDARY,results/mutation-challenge/both_missing_submission__000.json
both_missing_submission,1,both_lifetimes,inconclusive,MISSING_SUBMISSION_BOUNDARY,inconclusive,inconclusive,pass,MISSING_SUBMISSION_BOUNDARY,results/mutation-challenge/both_missing_submission__001.json
both_missing_submission,2,both_lifetimes,inconclusive,MISSING_SUBMISSION_BOUNDARY,inconclusive,inconclusive,pass,MISSING_SUBMISSION_BOUNDARY,results/mutation-challenge/both_missing_submission__002.json
both_missing_submission,3,both_lifetimes,inconclusive,MISSING_SUBMISSION_BOUNDARY,inconclusive,inconclusive,pass,MISSING_SUBMISSION_BOUNDARY,results/mutation-challenge/both_missing_submission__003.json
both_missing_submission,4,both_lifetimes,inconclusive,MISSING_SUBMISSION_BOUNDARY,inconclusive,inconclusive,pass,MISSING_SUBMISSION_BOUNDARY,results/mutation-challenge/both_missing_submission__004.json
both_missing_submission,5,both_lifetimes,inconclusive,MISSING_SUBMISSION_BOUNDARY,inconclusive,inconclusive,pass,MISSING_SUBMISSION_BOUNDARY,results/mutation-challenge/both_missing_submission__005.json
both_missing_submission,6,both_lifetimes,inconclusive,MISSING_SUBMISSION_BOUNDARY,inconclusive,inconclusive,pass,MISSING_SUBMISSION_BOUNDARY,results/mutation-challenge/both_missing_submission__006.json
both_missing_submission,7,both_lifetimes,inconclusive,MISSING_SUBMISSION_BOUNDARY,inconclusive,inconclusive,pass,MISSING_SUBMISSION_BOUNDARY,results/mutation-challenge/both_missing_submission__007.json
both_missing_submission,8,both_lifetimes,inconclusive,MISSING_SUBMISSION_BOUNDARY,inconclusive,inconclusive,pass,MISSING_SUBMISSION_BOUNDARY,results/mutation-challenge/both_missing_submission__008.json
both_missing_submission,9,both_lifetimes,inconclusive,MISSING_SUBMISSION_BOUNDARY,inconclusive,inconclusive,pass,MISSING_SUBMISSION_BOUNDARY,results/mutation-challenge/both_missing_submission__009.json
both_missing_submission,10,both_lifetimes,inconclusive,MISSING_SUBMISSION_BOUNDARY,inconclusive,inconclusive,pass,MISSING_SUBMISSION_BOUNDARY,results/mutation-challenge/both_missing_submission__010.json
both_missing_submission,11,both_lifetimes,inconclusive,MISSING_SUBMISSION_BOUNDARY,inconclusive,inconclusive,pass,MISSING_SUBMISSION_BOUNDARY,results/mutation-challenge/both_missing_submission__011.json
both_missing_submission,12,both_lifetimes,inconclusive,MISSING_SUBMISSION_BOUNDARY,inconclusive,inconclusive,pass,MISSING_SUBMISSION_BOUNDARY,results/mutation-challenge/both_missing_submission__012.json
both_missing_submission,13,both_lifetimes,inconclusive,MISSING_SUBMISSION_BOUNDARY,inconclusive,inconclusive,pass,MISSING_SUBMISSION_BOUNDARY,results/mutation-challenge/both_missing_submission__013.json
both_missing_submission,14,both_lifetimes,inconclusive,MISSING_SUBMISSION_BOUNDARY,inconclusive,inconclusive,pass,MISSING_SUBMISSION_BOUNDARY,results/mutation-challenge/both_missing_submission__014.json
both_missing_submission,15,both_lifetimes,inconclusive,MISSING_SUBMISSION_BOUNDARY,inconclusive,inconclusive,pass,MISSING_SUBMISSION_BOUNDARY,results/mutation-challenge/both_missing_submission__015.json
both_missing_submission,16,both_lifetimes,inconclusive,MISSING_SUBMISSION_BOUNDARY,inconclusive,inconclusive,pass,MISSING_SUBMISSION_BOUNDARY,results/mutation-challenge/both_missing_submission__016.json
both_missing_submission,17,both_lifetimes,inconclusive,MISSING_SUBMISSION_BOUNDARY,inconclusive,inconclusive,pass,MISSING_SUBMISSION_BOUNDARY,results/mutation-challenge/both_missing_submission__017.json
both_missing_submission,18,both_lifetimes,inconclusive,MISSING_SUBMISSION_BOUNDARY,inconclusive,inconclusive,pass,MISSING_SUBMISSION_BOUNDARY,results/mutation-challenge/both_missing_submission__018.json
both_missing_submission,19,both_lifetimes,inconclusive,MISSING_SUBMISSION_BOUNDARY,inconclusive,inconclusive,pass,MISSING_SUBMISSION_BOUNDARY,results/mutation-challenge/both_missing_submission__019.json
control_parent_ends_first,0,parent_ends_first,pass,,pass,pass,pass,,results/mutation-challenge/control_parent_ends_first__000.json
control_parent_ends_first,1,parent_ends_first,pass,,pass,pass,pass,,results/mutation-challenge/control_parent_ends_first__001.json
control_parent_ends_first,2,parent_ends_first,pass,,pass,pass,pass,,results/mutation-challenge/control_parent_ends_first__002.json
control_parent_ends_first,3,parent_ends_first,pass,,pass,pass,pass,,results/mutation-challenge/control_parent_ends_first__003.json
control_parent_ends_first,4,parent_ends_first,pass,,pass,pass,pass,,results/mutation-challenge/control_parent_ends_first__004.json
control_parent_ends_first,5,parent_ends_first,pass,,pass,pass,pass,,results/mutation-challenge/control_parent_ends_first__005.json
control_parent_ends_first,6,parent_ends_first,pass,,pass,pass,pass,,results/mutation-challenge/control_parent_ends_first__006.json
control_parent_ends_first,7,parent_ends_first,pass,,pass,pass,pass,,results/mutation-challenge/control_parent_ends_first__007.json
control_parent_ends_first,8,parent_ends_first,pass,,pass,pass,pass,,results/mutation-challenge/control_parent_ends_first__008.json
control_parent_ends_first,9,parent_ends_first,pass,,pass,pass,pass,,results/mutation-challenge/control_parent_ends_first__009.json
control_parent_ends_first,10,parent_ends_first,pass,,pass,pass,pass,,results/mutation-challenge/control_parent_ends_first__010.json
control_parent_ends_first,11,parent_ends_first,pass,,pass,pass,pass,,results/mutation-challenge/control_parent_ends_first__011.json
control_parent_ends_first,12,parent_ends_first,pass,,pass,pass,pass,,results/mutation-challenge/control_parent_ends_first__012.json
control_parent_ends_first,13,parent_ends_first,pass,,pass,pass,pass,,results/mutation-challenge/control_parent_ends_first__013.json
control_parent_ends_first,14,parent_ends_first,pass,,pass,pass,pass,,results/mutation-challenge/control_parent_ends_first__014.json
control_parent_ends_first,15,parent_ends_first,pass,,pass,pass,pass,,results/mutation-challenge/control_parent_ends_first__015.json
control_parent_ends_first,16,parent_ends_first,pass,,pass,pass,pass,,results/mutation-challenge/control_parent_ends_first__016.json
control_parent_ends_first,17,parent_ends_first,pass,,pass,pass,pass,,results/mutation-challenge/control_parent_ends_first__017.json
control_parent_ends_first,18,parent_ends_first,pass,,pass,pass,pass,,results/mutation-challenge/control_parent_ends_first__018.json
control_parent_ends_first,19,parent_ends_first,pass,,pass,pass,pass,,results/mutation-challenge/control_parent_ends_first__019.json
