case,revision,trials,ledger_pass,ledger_fail,ledger_inconclusive,direct_pass,direct_fail,direct_inconclusive,name_pass,name_fail,name_inconclusive,clock_ineligible
as_completed_generator,fixed,20,0,20,0,0,20,0,0,20,0,0
as_completed_generator,local-shape-fix,20,20,0,0,20,0,0,20,0,0,0
as_completed_list,fixed,20,20,0,0,20,0,0,20,0,0,0
as_completed_list,local-shape-fix,20,20,0,0,20,0,0,20,0,0,0
as_completed_tuple,fixed,20,0,20,0,0,20,0,0,20,0,0
as_completed_tuple,local-shape-fix,20,20,0,0,20,0,0,20,0,0,0
batch_drained,fixed,20,19,0,1,19,0,1,20,0,0,1
batch_pending,fixed,20,0,0,20,0,0,20,0,0,20,1
both_lifetimes,fixed,20,20,0,0,20,0,0,20,0,0,0
capture_epoch,affected,20,0,20,0,0,20,0,20,0,0,0
capture_epoch,fixed,20,20,0,0,20,0,0,20,0,0,0
escaped,affected,20,0,20,0,0,20,0,20,0,0,0
escaped,fixed,20,20,0,0,20,0,0,20,0,0,0
export_drop,fixed,20,0,0,20,0,0,20,0,20,0,0
handled_inside,affected,20,0,18,2,0,18,2,20,0,0,2
handled_inside,fixed,20,19,0,1,19,0,1,20,0,0,1
lifecycle,affected,20,0,20,0,0,20,0,0,20,0,0
lifecycle,fixed,20,20,0,0,20,0,0,20,0,0,0
parent_ends_first,fixed,20,20,0,0,20,0,0,20,0,0,0
queue,affected,20,0,20,0,0,20,0,20,0,0,0
queue,fixed,20,20,0,0,20,0,0,20,0,0,0
repeat,affected,20,0,20,0,0,20,0,0,20,0,0
repeat,fixed,20,20,0,0,20,0,0,20,0,0,0
service_async,affected,20,0,20,0,0,20,0,0,20,0,0
service_async,fixed,20,20,0,0,20,0,0,20,0,0,0
service_background_corrected,fixed,20,20,0,0,20,0,0,20,0,0,0
service_background_gap,fixed,20,0,20,0,0,20,0,0,20,0,0
service_caller_handles,fixed,20,20,0,0,20,0,0,20,0,0,0
service_default,fixed,20,20,0,0,20,0,0,20,0,0,0
service_sync_corrected,fixed,20,20,0,0,20,0,0,20,0,0,0
service_sync_gap,fixed,20,0,20,0,0,20,0,0,20,0,0
submission_only,fixed,20,20,0,0,20,0,0,20,0,0,0
success,affected,20,0,20,0,0,20,0,20,0,0,0
success,fixed,20,20,0,0,20,0,0,20,0,0,0
task_keyword,fixed,20,0,20,0,0,20,0,0,20,0,0
task_keyword,local-shape-fix,20,20,0,0,20,0,0,20,0,0,0
thread_context,fixed,20,20,0,0,20,0,0,20,0,0,0
thread_recreate,fixed,20,20,0,0,20,0,0,20,0,0,0
thread_uninstrument_live,fixed,20,0,20,0,0,20,0,20,0,0,1
unknown_intent,fixed,20,0,0,20,0,0,20,0,0,20,0
