block,ordinal,workload,mode,us_per_operation
0,0,direct,none,0.213558
0,1,direct,hook,3.2052669999999996
0,2,to_thread,hook_sdk,109.64797999999999
0,3,direct,hook_sdk,65.721163
0,4,to_thread,hook,56.144127999999995
0,5,to_thread,none,52.059673000000004
1,0,direct,none,0.188189
1,1,to_thread,hook,65.349305
1,2,direct,hook_sdk,59.733357000000005
1,3,to_thread,hook_sdk,155.986353
1,4,to_thread,none,52.446509
1,5,direct,hook,3.481177
2,0,to_thread,hook_sdk,156.651632
2,1,direct,hook_sdk,67.075127
2,2,direct,hook,3.349843
2,3,to_thread,hook,50.620642999999994
2,4,direct,none,0.259175
2,5,to_thread,none,49.482910000000004
3,0,direct,hook,3.554456
3,1,direct,none,0.184244
3,2,direct,hook_sdk,67.959412
3,3,to_thread,hook,54.762312
3,4,to_thread,hook_sdk,160.187649
3,5,to_thread,none,54.142475
4,0,to_thread,hook,68.664203
4,1,direct,hook_sdk,75.849951
4,2,to_thread,none,58.654302
4,3,direct,hook,3.535359
4,4,direct,none,0.185296
4,5,to_thread,hook_sdk,147.290504
5,0,direct,none,0.186597
5,1,to_thread,hook,41.522723
5,2,to_thread,none,30.979203000000002
5,3,direct,hook_sdk,70.71623
5,4,to_thread,hook_sdk,111.9671
5,5,direct,hook,3.3572640000000002
6,0,direct,hook_sdk,62.300963
6,1,to_thread,hook,56.265645
6,2,to_thread,hook_sdk,110.611908
6,3,direct,none,0.18773900000000002
6,4,direct,hook,3.223435
6,5,to_thread,none,30.957199
7,0,to_thread,hook_sdk,164.520838
7,1,direct,hook,3.409591
7,2,direct,none,0.187558
7,3,to_thread,hook,56.781437
7,4,direct,hook_sdk,61.636468
7,5,to_thread,none,34.159328
8,0,to_thread,hook_sdk,149.12594
8,1,to_thread,hook,37.649019
8,2,direct,hook_sdk,97.387089
8,3,direct,none,0.187268
8,4,direct,hook,3.489239
8,5,to_thread,none,32.111302
9,0,direct,hook,3.860563
9,1,to_thread,hook_sdk,132.32300800000002
9,2,to_thread,hook,38.509158000000006
9,3,direct,hook_sdk,68.82639900000001
9,4,to_thread,none,31.755251
9,5,direct,none,0.186417
10,0,direct,none,0.18593600000000002
10,1,direct,hook,8.648273
10,2,to_thread,hook_sdk,109.275071
10,3,to_thread,hook,57.494195
10,4,to_thread,none,49.190389
10,5,direct,hook_sdk,75.33414900000001
11,0,to_thread,none,33.843447999999995
11,1,direct,hook_sdk,64.549049
11,2,to_thread,hook,40.895065
11,3,to_thread,hook_sdk,141.159216
11,4,direct,none,0.209301
11,5,direct,hook,3.356982
12,0,to_thread,none,33.06478
12,1,direct,hook_sdk,69.759158
12,2,direct,none,0.22611699999999998
12,3,direct,hook,3.250064
12,4,to_thread,hook,54.062286
12,5,to_thread,hook_sdk,120.03674000000001
13,0,direct,hook,3.351946
13,1,direct,hook_sdk,74.64914999999999
13,2,to_thread,hook_sdk,119.048508
13,3,direct,none,0.185977
13,4,to_thread,none,38.055668
13,5,to_thread,hook,40.221714999999996
14,0,to_thread,none,52.54929
14,1,direct,none,0.187508
14,2,to_thread,hook,39.240986
14,3,direct,hook,3.205388
14,4,to_thread,hook_sdk,186.513999
14,5,direct,hook_sdk,75.272357
