observation,source_case,repeat,declared_role,verdict,codes,source
execution_span,success,0,execution,pass,,results/evaluation/success__fixed__000.json
execution_span,success,0,submission,fail,MISSES_SUBMISSION_START,results/evaluation/success__fixed__000.json
execution_span,success,0,both,fail,MISSES_SUBMISSION_START,results/evaluation/success__fixed__000.json
execution_span,success,0,context-only,pass,,results/evaluation/success__fixed__000.json
execution_span,success,0,unknown,inconclusive,UNDECLARED_INTENT,results/evaluation/success__fixed__000.json
execution_span,success,1,execution,pass,,results/evaluation/success__fixed__001.json
execution_span,success,1,submission,fail,MISSES_SUBMISSION_START,results/evaluation/success__fixed__001.json
execution_span,success,1,both,fail,MISSES_SUBMISSION_START,results/evaluation/success__fixed__001.json
execution_span,success,1,context-only,pass,,results/evaluation/success__fixed__001.json
execution_span,success,1,unknown,inconclusive,UNDECLARED_INTENT,results/evaluation/success__fixed__001.json
execution_span,success,2,execution,pass,,results/evaluation/success__fixed__002.json
execution_span,success,2,submission,fail,MISSES_SUBMISSION_START,results/evaluation/success__fixed__002.json
execution_span,success,2,both,fail,MISSES_SUBMISSION_START,results/evaluation/success__fixed__002.json
execution_span,success,2,context-only,pass,,results/evaluation/success__fixed__002.json
execution_span,success,2,unknown,inconclusive,UNDECLARED_INTENT,results/evaluation/success__fixed__002.json
execution_span,success,3,execution,pass,,results/evaluation/success__fixed__003.json
execution_span,success,3,submission,fail,MISSES_SUBMISSION_START,results/evaluation/success__fixed__003.json
execution_span,success,3,both,fail,MISSES_SUBMISSION_START,results/evaluation/success__fixed__003.json
execution_span,success,3,context-only,pass,,results/evaluation/success__fixed__003.json
execution_span,success,3,unknown,inconclusive,UNDECLARED_INTENT,results/evaluation/success__fixed__003.json
execution_span,success,4,execution,pass,,results/evaluation/success__fixed__004.json
execution_span,success,4,submission,fail,MISSES_SUBMISSION_START,results/evaluation/success__fixed__004.json
execution_span,success,4,both,fail,MISSES_SUBMISSION_START,results/evaluation/success__fixed__004.json
execution_span,success,4,context-only,pass,,results/evaluation/success__fixed__004.json
execution_span,success,4,unknown,inconclusive,UNDECLARED_INTENT,results/evaluation/success__fixed__004.json
execution_span,success,5,execution,pass,,results/evaluation/success__fixed__005.json
execution_span,success,5,submission,fail,MISSES_SUBMISSION_START,results/evaluation/success__fixed__005.json
execution_span,success,5,both,fail,MISSES_SUBMISSION_START,results/evaluation/success__fixed__005.json
execution_span,success,5,context-only,pass,,results/evaluation/success__fixed__005.json
execution_span,success,5,unknown,inconclusive,UNDECLARED_INTENT,results/evaluation/success__fixed__005.json
execution_span,success,6,execution,pass,,results/evaluation/success__fixed__006.json
execution_span,success,6,submission,fail,MISSES_SUBMISSION_START,results/evaluation/success__fixed__006.json
execution_span,success,6,both,fail,MISSES_SUBMISSION_START,results/evaluation/success__fixed__006.json
execution_span,success,6,context-only,pass,,results/evaluation/success__fixed__006.json
execution_span,success,6,unknown,inconclusive,UNDECLARED_INTENT,results/evaluation/success__fixed__006.json
execution_span,success,7,execution,pass,,results/evaluation/success__fixed__007.json
execution_span,success,7,submission,fail,MISSES_SUBMISSION_START,results/evaluation/success__fixed__007.json
execution_span,success,7,both,fail,MISSES_SUBMISSION_START,results/evaluation/success__fixed__007.json
execution_span,success,7,context-only,pass,,results/evaluation/success__fixed__007.json
execution_span,success,7,unknown,inconclusive,UNDECLARED_INTENT,results/evaluation/success__fixed__007.json
execution_span,success,8,execution,pass,,results/evaluation/success__fixed__008.json
execution_span,success,8,submission,fail,MISSES_SUBMISSION_START,results/evaluation/success__fixed__008.json
execution_span,success,8,both,fail,MISSES_SUBMISSION_START,results/evaluation/success__fixed__008.json
execution_span,success,8,context-only,pass,,results/evaluation/success__fixed__008.json
execution_span,success,8,unknown,inconclusive,UNDECLARED_INTENT,results/evaluation/success__fixed__008.json
execution_span,success,9,execution,pass,,results/evaluation/success__fixed__009.json
execution_span,success,9,submission,fail,MISSES_SUBMISSION_START,results/evaluation/success__fixed__009.json
execution_span,success,9,both,fail,MISSES_SUBMISSION_START,results/evaluation/success__fixed__009.json
execution_span,success,9,context-only,pass,,results/evaluation/success__fixed__009.json
execution_span,success,9,unknown,inconclusive,UNDECLARED_INTENT,results/evaluation/success__fixed__009.json
execution_span,success,10,execution,pass,,results/evaluation/success__fixed__010.json
execution_span,success,10,submission,fail,MISSES_SUBMISSION_START,results/evaluation/success__fixed__010.json
execution_span,success,10,both,fail,MISSES_SUBMISSION_START,results/evaluation/success__fixed__010.json
execution_span,success,10,context-only,pass,,results/evaluation/success__fixed__010.json
execution_span,success,10,unknown,inconclusive,UNDECLARED_INTENT,results/evaluation/success__fixed__010.json
execution_span,success,11,execution,pass,,results/evaluation/success__fixed__011.json
execution_span,success,11,submission,fail,MISSES_SUBMISSION_START,results/evaluation/success__fixed__011.json
execution_span,success,11,both,fail,MISSES_SUBMISSION_START,results/evaluation/success__fixed__011.json
execution_span,success,11,context-only,pass,,results/evaluation/success__fixed__011.json
execution_span,success,11,unknown,inconclusive,UNDECLARED_INTENT,results/evaluation/success__fixed__011.json
execution_span,success,12,execution,pass,,results/evaluation/success__fixed__012.json
execution_span,success,12,submission,fail,MISSES_SUBMISSION_START,results/evaluation/success__fixed__012.json
execution_span,success,12,both,fail,MISSES_SUBMISSION_START,results/evaluation/success__fixed__012.json
execution_span,success,12,context-only,pass,,results/evaluation/success__fixed__012.json
execution_span,success,12,unknown,inconclusive,UNDECLARED_INTENT,results/evaluation/success__fixed__012.json
execution_span,success,13,execution,pass,,results/evaluation/success__fixed__013.json
execution_span,success,13,submission,fail,MISSES_SUBMISSION_START,results/evaluation/success__fixed__013.json
execution_span,success,13,both,fail,MISSES_SUBMISSION_START,results/evaluation/success__fixed__013.json
execution_span,success,13,context-only,pass,,results/evaluation/success__fixed__013.json
execution_span,success,13,unknown,inconclusive,UNDECLARED_INTENT,results/evaluation/success__fixed__013.json
execution_span,success,14,execution,pass,,results/evaluation/success__fixed__014.json
execution_span,success,14,submission,fail,MISSES_SUBMISSION_START,results/evaluation/success__fixed__014.json
execution_span,success,14,both,fail,MISSES_SUBMISSION_START,results/evaluation/success__fixed__014.json
execution_span,success,14,context-only,pass,,results/evaluation/success__fixed__014.json
execution_span,success,14,unknown,inconclusive,UNDECLARED_INTENT,results/evaluation/success__fixed__014.json
execution_span,success,15,execution,pass,,results/evaluation/success__fixed__015.json
execution_span,success,15,submission,fail,MISSES_SUBMISSION_START,results/evaluation/success__fixed__015.json
execution_span,success,15,both,fail,MISSES_SUBMISSION_START,results/evaluation/success__fixed__015.json
execution_span,success,15,context-only,pass,,results/evaluation/success__fixed__015.json
execution_span,success,15,unknown,inconclusive,UNDECLARED_INTENT,results/evaluation/success__fixed__015.json
execution_span,success,16,execution,pass,,results/evaluation/success__fixed__016.json
execution_span,success,16,submission,fail,MISSES_SUBMISSION_START,results/evaluation/success__fixed__016.json
execution_span,success,16,both,fail,MISSES_SUBMISSION_START,results/evaluation/success__fixed__016.json
execution_span,success,16,context-only,pass,,results/evaluation/success__fixed__016.json
execution_span,success,16,unknown,inconclusive,UNDECLARED_INTENT,results/evaluation/success__fixed__016.json
execution_span,success,17,execution,pass,,results/evaluation/success__fixed__017.json
execution_span,success,17,submission,fail,MISSES_SUBMISSION_START,results/evaluation/success__fixed__017.json
execution_span,success,17,both,fail,MISSES_SUBMISSION_START,results/evaluation/success__fixed__017.json
execution_span,success,17,context-only,pass,,results/evaluation/success__fixed__017.json
execution_span,success,17,unknown,inconclusive,UNDECLARED_INTENT,results/evaluation/success__fixed__017.json
execution_span,success,18,execution,pass,,results/evaluation/success__fixed__018.json
execution_span,success,18,submission,fail,MISSES_SUBMISSION_START,results/evaluation/success__fixed__018.json
execution_span,success,18,both,fail,MISSES_SUBMISSION_START,results/evaluation/success__fixed__018.json
execution_span,success,18,context-only,pass,,results/evaluation/success__fixed__018.json
execution_span,success,18,unknown,inconclusive,UNDECLARED_INTENT,results/evaluation/success__fixed__018.json
execution_span,success,19,execution,pass,,results/evaluation/success__fixed__019.json
execution_span,success,19,submission,fail,MISSES_SUBMISSION_START,results/evaluation/success__fixed__019.json
execution_span,success,19,both,fail,MISSES_SUBMISSION_START,results/evaluation/success__fixed__019.json
execution_span,success,19,context-only,pass,,results/evaluation/success__fixed__019.json
execution_span,success,19,unknown,inconclusive,UNDECLARED_INTENT,results/evaluation/success__fixed__019.json
submission_span,submission_only,0,execution,fail,ENDS_BEFORE_EXIT,results/evaluation/submission_only__fixed__000.json
submission_span,submission_only,0,submission,pass,,results/evaluation/submission_only__fixed__000.json
submission_span,submission_only,0,both,fail,ENDS_BEFORE_EXIT,results/evaluation/submission_only__fixed__000.json
submission_span,submission_only,0,context-only,pass,,results/evaluation/submission_only__fixed__000.json
submission_span,submission_only,0,unknown,inconclusive,UNDECLARED_INTENT,results/evaluation/submission_only__fixed__000.json
submission_span,submission_only,1,execution,fail,ENDS_BEFORE_EXIT,results/evaluation/submission_only__fixed__001.json
submission_span,submission_only,1,submission,pass,,results/evaluation/submission_only__fixed__001.json
submission_span,submission_only,1,both,fail,ENDS_BEFORE_EXIT,results/evaluation/submission_only__fixed__001.json
submission_span,submission_only,1,context-only,pass,,results/evaluation/submission_only__fixed__001.json
submission_span,submission_only,1,unknown,inconclusive,UNDECLARED_INTENT,results/evaluation/submission_only__fixed__001.json
submission_span,submission_only,2,execution,fail,ENDS_BEFORE_EXIT,results/evaluation/submission_only__fixed__002.json
submission_span,submission_only,2,submission,pass,,results/evaluation/submission_only__fixed__002.json
submission_span,submission_only,2,both,fail,ENDS_BEFORE_EXIT,results/evaluation/submission_only__fixed__002.json
submission_span,submission_only,2,context-only,pass,,results/evaluation/submission_only__fixed__002.json
submission_span,submission_only,2,unknown,inconclusive,UNDECLARED_INTENT,results/evaluation/submission_only__fixed__002.json
submission_span,submission_only,3,execution,fail,ENDS_BEFORE_EXIT,results/evaluation/submission_only__fixed__003.json
submission_span,submission_only,3,submission,pass,,results/evaluation/submission_only__fixed__003.json
submission_span,submission_only,3,both,fail,ENDS_BEFORE_EXIT,results/evaluation/submission_only__fixed__003.json
submission_span,submission_only,3,context-only,pass,,results/evaluation/submission_only__fixed__003.json
submission_span,submission_only,3,unknown,inconclusive,UNDECLARED_INTENT,results/evaluation/submission_only__fixed__003.json
submission_span,submission_only,4,execution,fail,ENDS_BEFORE_EXIT,results/evaluation/submission_only__fixed__004.json
submission_span,submission_only,4,submission,pass,,results/evaluation/submission_only__fixed__004.json
submission_span,submission_only,4,both,fail,ENDS_BEFORE_EXIT,results/evaluation/submission_only__fixed__004.json
submission_span,submission_only,4,context-only,pass,,results/evaluation/submission_only__fixed__004.json
submission_span,submission_only,4,unknown,inconclusive,UNDECLARED_INTENT,results/evaluation/submission_only__fixed__004.json
submission_span,submission_only,5,execution,fail,ENDS_BEFORE_EXIT,results/evaluation/submission_only__fixed__005.json
submission_span,submission_only,5,submission,pass,,results/evaluation/submission_only__fixed__005.json
submission_span,submission_only,5,both,fail,ENDS_BEFORE_EXIT,results/evaluation/submission_only__fixed__005.json
submission_span,submission_only,5,context-only,pass,,results/evaluation/submission_only__fixed__005.json
submission_span,submission_only,5,unknown,inconclusive,UNDECLARED_INTENT,results/evaluation/submission_only__fixed__005.json
submission_span,submission_only,6,execution,fail,ENDS_BEFORE_EXIT,results/evaluation/submission_only__fixed__006.json
submission_span,submission_only,6,submission,pass,,results/evaluation/submission_only__fixed__006.json
submission_span,submission_only,6,both,fail,ENDS_BEFORE_EXIT,results/evaluation/submission_only__fixed__006.json
submission_span,submission_only,6,context-only,pass,,results/evaluation/submission_only__fixed__006.json
submission_span,submission_only,6,unknown,inconclusive,UNDECLARED_INTENT,results/evaluation/submission_only__fixed__006.json
submission_span,submission_only,7,execution,fail,ENDS_BEFORE_EXIT,results/evaluation/submission_only__fixed__007.json
submission_span,submission_only,7,submission,pass,,results/evaluation/submission_only__fixed__007.json
submission_span,submission_only,7,both,fail,ENDS_BEFORE_EXIT,results/evaluation/submission_only__fixed__007.json
submission_span,submission_only,7,context-only,pass,,results/evaluation/submission_only__fixed__007.json
submission_span,submission_only,7,unknown,inconclusive,UNDECLARED_INTENT,results/evaluation/submission_only__fixed__007.json
submission_span,submission_only,8,execution,fail,ENDS_BEFORE_EXIT,results/evaluation/submission_only__fixed__008.json
submission_span,submission_only,8,submission,pass,,results/evaluation/submission_only__fixed__008.json
submission_span,submission_only,8,both,fail,ENDS_BEFORE_EXIT,results/evaluation/submission_only__fixed__008.json
submission_span,submission_only,8,context-only,pass,,results/evaluation/submission_only__fixed__008.json
submission_span,submission_only,8,unknown,inconclusive,UNDECLARED_INTENT,results/evaluation/submission_only__fixed__008.json
submission_span,submission_only,9,execution,fail,ENDS_BEFORE_EXIT,results/evaluation/submission_only__fixed__009.json
submission_span,submission_only,9,submission,pass,,results/evaluation/submission_only__fixed__009.json
submission_span,submission_only,9,both,fail,ENDS_BEFORE_EXIT,results/evaluation/submission_only__fixed__009.json
submission_span,submission_only,9,context-only,pass,,results/evaluation/submission_only__fixed__009.json
submission_span,submission_only,9,unknown,inconclusive,UNDECLARED_INTENT,results/evaluation/submission_only__fixed__009.json
submission_span,submission_only,10,execution,fail,ENDS_BEFORE_EXIT,results/evaluation/submission_only__fixed__010.json
submission_span,submission_only,10,submission,pass,,results/evaluation/submission_only__fixed__010.json
submission_span,submission_only,10,both,fail,ENDS_BEFORE_EXIT,results/evaluation/submission_only__fixed__010.json
submission_span,submission_only,10,context-only,pass,,results/evaluation/submission_only__fixed__010.json
submission_span,submission_only,10,unknown,inconclusive,UNDECLARED_INTENT,results/evaluation/submission_only__fixed__010.json
submission_span,submission_only,11,execution,fail,ENDS_BEFORE_EXIT,results/evaluation/submission_only__fixed__011.json
submission_span,submission_only,11,submission,pass,,results/evaluation/submission_only__fixed__011.json
submission_span,submission_only,11,both,fail,ENDS_BEFORE_EXIT,results/evaluation/submission_only__fixed__011.json
submission_span,submission_only,11,context-only,pass,,results/evaluation/submission_only__fixed__011.json
submission_span,submission_only,11,unknown,inconclusive,UNDECLARED_INTENT,results/evaluation/submission_only__fixed__011.json
submission_span,submission_only,12,execution,fail,ENDS_BEFORE_EXIT,results/evaluation/submission_only__fixed__012.json
submission_span,submission_only,12,submission,pass,,results/evaluation/submission_only__fixed__012.json
submission_span,submission_only,12,both,fail,ENDS_BEFORE_EXIT,results/evaluation/submission_only__fixed__012.json
submission_span,submission_only,12,context-only,pass,,results/evaluation/submission_only__fixed__012.json
submission_span,submission_only,12,unknown,inconclusive,UNDECLARED_INTENT,results/evaluation/submission_only__fixed__012.json
submission_span,submission_only,13,execution,fail,ENDS_BEFORE_EXIT,results/evaluation/submission_only__fixed__013.json
submission_span,submission_only,13,submission,pass,,results/evaluation/submission_only__fixed__013.json
submission_span,submission_only,13,both,fail,ENDS_BEFORE_EXIT,results/evaluation/submission_only__fixed__013.json
submission_span,submission_only,13,context-only,pass,,results/evaluation/submission_only__fixed__013.json
submission_span,submission_only,13,unknown,inconclusive,UNDECLARED_INTENT,results/evaluation/submission_only__fixed__013.json
submission_span,submission_only,14,execution,fail,ENDS_BEFORE_EXIT,results/evaluation/submission_only__fixed__014.json
submission_span,submission_only,14,submission,pass,,results/evaluation/submission_only__fixed__014.json
submission_span,submission_only,14,both,fail,ENDS_BEFORE_EXIT,results/evaluation/submission_only__fixed__014.json
submission_span,submission_only,14,context-only,pass,,results/evaluation/submission_only__fixed__014.json
submission_span,submission_only,14,unknown,inconclusive,UNDECLARED_INTENT,results/evaluation/submission_only__fixed__014.json
submission_span,submission_only,15,execution,fail,ENDS_BEFORE_EXIT,results/evaluation/submission_only__fixed__015.json
submission_span,submission_only,15,submission,pass,,results/evaluation/submission_only__fixed__015.json
submission_span,submission_only,15,both,fail,ENDS_BEFORE_EXIT,results/evaluation/submission_only__fixed__015.json
submission_span,submission_only,15,context-only,pass,,results/evaluation/submission_only__fixed__015.json
submission_span,submission_only,15,unknown,inconclusive,UNDECLARED_INTENT,results/evaluation/submission_only__fixed__015.json
submission_span,submission_only,16,execution,fail,ENDS_BEFORE_EXIT,results/evaluation/submission_only__fixed__016.json
submission_span,submission_only,16,submission,pass,,results/evaluation/submission_only__fixed__016.json
submission_span,submission_only,16,both,fail,ENDS_BEFORE_EXIT,results/evaluation/submission_only__fixed__016.json
submission_span,submission_only,16,context-only,pass,,results/evaluation/submission_only__fixed__016.json
submission_span,submission_only,16,unknown,inconclusive,UNDECLARED_INTENT,results/evaluation/submission_only__fixed__016.json
submission_span,submission_only,17,execution,fail,ENDS_BEFORE_EXIT,results/evaluation/submission_only__fixed__017.json
submission_span,submission_only,17,submission,pass,,results/evaluation/submission_only__fixed__017.json
submission_span,submission_only,17,both,fail,ENDS_BEFORE_EXIT,results/evaluation/submission_only__fixed__017.json
submission_span,submission_only,17,context-only,pass,,results/evaluation/submission_only__fixed__017.json
submission_span,submission_only,17,unknown,inconclusive,UNDECLARED_INTENT,results/evaluation/submission_only__fixed__017.json
submission_span,submission_only,18,execution,fail,ENDS_BEFORE_EXIT,results/evaluation/submission_only__fixed__018.json
submission_span,submission_only,18,submission,pass,,results/evaluation/submission_only__fixed__018.json
submission_span,submission_only,18,both,fail,ENDS_BEFORE_EXIT,results/evaluation/submission_only__fixed__018.json
submission_span,submission_only,18,context-only,pass,,results/evaluation/submission_only__fixed__018.json
submission_span,submission_only,18,unknown,inconclusive,UNDECLARED_INTENT,results/evaluation/submission_only__fixed__018.json
submission_span,submission_only,19,execution,fail,ENDS_BEFORE_EXIT,results/evaluation/submission_only__fixed__019.json
submission_span,submission_only,19,submission,pass,,results/evaluation/submission_only__fixed__019.json
submission_span,submission_only,19,both,fail,ENDS_BEFORE_EXIT,results/evaluation/submission_only__fixed__019.json
submission_span,submission_only,19,context-only,pass,,results/evaluation/submission_only__fixed__019.json
submission_span,submission_only,19,unknown,inconclusive,UNDECLARED_INTENT,results/evaluation/submission_only__fixed__019.json
combined_span,both_lifetimes,0,execution,pass,,results/evaluation/both_lifetimes__fixed__000.json
combined_span,both_lifetimes,0,submission,pass,,results/evaluation/both_lifetimes__fixed__000.json
combined_span,both_lifetimes,0,both,pass,,results/evaluation/both_lifetimes__fixed__000.json
combined_span,both_lifetimes,0,context-only,pass,,results/evaluation/both_lifetimes__fixed__000.json
combined_span,both_lifetimes,0,unknown,inconclusive,UNDECLARED_INTENT,results/evaluation/both_lifetimes__fixed__000.json
combined_span,both_lifetimes,1,execution,pass,,results/evaluation/both_lifetimes__fixed__001.json
combined_span,both_lifetimes,1,submission,pass,,results/evaluation/both_lifetimes__fixed__001.json
combined_span,both_lifetimes,1,both,pass,,results/evaluation/both_lifetimes__fixed__001.json
combined_span,both_lifetimes,1,context-only,pass,,results/evaluation/both_lifetimes__fixed__001.json
combined_span,both_lifetimes,1,unknown,inconclusive,UNDECLARED_INTENT,results/evaluation/both_lifetimes__fixed__001.json
combined_span,both_lifetimes,2,execution,pass,,results/evaluation/both_lifetimes__fixed__002.json
combined_span,both_lifetimes,2,submission,pass,,results/evaluation/both_lifetimes__fixed__002.json
combined_span,both_lifetimes,2,both,pass,,results/evaluation/both_lifetimes__fixed__002.json
combined_span,both_lifetimes,2,context-only,pass,,results/evaluation/both_lifetimes__fixed__002.json
combined_span,both_lifetimes,2,unknown,inconclusive,UNDECLARED_INTENT,results/evaluation/both_lifetimes__fixed__002.json
combined_span,both_lifetimes,3,execution,pass,,results/evaluation/both_lifetimes__fixed__003.json
combined_span,both_lifetimes,3,submission,pass,,results/evaluation/both_lifetimes__fixed__003.json
combined_span,both_lifetimes,3,both,pass,,results/evaluation/both_lifetimes__fixed__003.json
combined_span,both_lifetimes,3,context-only,pass,,results/evaluation/both_lifetimes__fixed__003.json
combined_span,both_lifetimes,3,unknown,inconclusive,UNDECLARED_INTENT,results/evaluation/both_lifetimes__fixed__003.json
combined_span,both_lifetimes,4,execution,pass,,results/evaluation/both_lifetimes__fixed__004.json
combined_span,both_lifetimes,4,submission,pass,,results/evaluation/both_lifetimes__fixed__004.json
combined_span,both_lifetimes,4,both,pass,,results/evaluation/both_lifetimes__fixed__004.json
combined_span,both_lifetimes,4,context-only,pass,,results/evaluation/both_lifetimes__fixed__004.json
combined_span,both_lifetimes,4,unknown,inconclusive,UNDECLARED_INTENT,results/evaluation/both_lifetimes__fixed__004.json
combined_span,both_lifetimes,5,execution,pass,,results/evaluation/both_lifetimes__fixed__005.json
combined_span,both_lifetimes,5,submission,pass,,results/evaluation/both_lifetimes__fixed__005.json
combined_span,both_lifetimes,5,both,pass,,results/evaluation/both_lifetimes__fixed__005.json
combined_span,both_lifetimes,5,context-only,pass,,results/evaluation/both_lifetimes__fixed__005.json
combined_span,both_lifetimes,5,unknown,inconclusive,UNDECLARED_INTENT,results/evaluation/both_lifetimes__fixed__005.json
combined_span,both_lifetimes,6,execution,pass,,results/evaluation/both_lifetimes__fixed__006.json
combined_span,both_lifetimes,6,submission,pass,,results/evaluation/both_lifetimes__fixed__006.json
combined_span,both_lifetimes,6,both,pass,,results/evaluation/both_lifetimes__fixed__006.json
combined_span,both_lifetimes,6,context-only,pass,,results/evaluation/both_lifetimes__fixed__006.json
combined_span,both_lifetimes,6,unknown,inconclusive,UNDECLARED_INTENT,results/evaluation/both_lifetimes__fixed__006.json
combined_span,both_lifetimes,7,execution,pass,,results/evaluation/both_lifetimes__fixed__007.json
combined_span,both_lifetimes,7,submission,pass,,results/evaluation/both_lifetimes__fixed__007.json
combined_span,both_lifetimes,7,both,pass,,results/evaluation/both_lifetimes__fixed__007.json
combined_span,both_lifetimes,7,context-only,pass,,results/evaluation/both_lifetimes__fixed__007.json
combined_span,both_lifetimes,7,unknown,inconclusive,UNDECLARED_INTENT,results/evaluation/both_lifetimes__fixed__007.json
combined_span,both_lifetimes,8,execution,pass,,results/evaluation/both_lifetimes__fixed__008.json
combined_span,both_lifetimes,8,submission,pass,,results/evaluation/both_lifetimes__fixed__008.json
combined_span,both_lifetimes,8,both,pass,,results/evaluation/both_lifetimes__fixed__008.json
combined_span,both_lifetimes,8,context-only,pass,,results/evaluation/both_lifetimes__fixed__008.json
combined_span,both_lifetimes,8,unknown,inconclusive,UNDECLARED_INTENT,results/evaluation/both_lifetimes__fixed__008.json
combined_span,both_lifetimes,9,execution,pass,,results/evaluation/both_lifetimes__fixed__009.json
combined_span,both_lifetimes,9,submission,pass,,results/evaluation/both_lifetimes__fixed__009.json
combined_span,both_lifetimes,9,both,pass,,results/evaluation/both_lifetimes__fixed__009.json
combined_span,both_lifetimes,9,context-only,pass,,results/evaluation/both_lifetimes__fixed__009.json
combined_span,both_lifetimes,9,unknown,inconclusive,UNDECLARED_INTENT,results/evaluation/both_lifetimes__fixed__009.json
combined_span,both_lifetimes,10,execution,pass,,results/evaluation/both_lifetimes__fixed__010.json
combined_span,both_lifetimes,10,submission,pass,,results/evaluation/both_lifetimes__fixed__010.json
combined_span,both_lifetimes,10,both,pass,,results/evaluation/both_lifetimes__fixed__010.json
combined_span,both_lifetimes,10,context-only,pass,,results/evaluation/both_lifetimes__fixed__010.json
combined_span,both_lifetimes,10,unknown,inconclusive,UNDECLARED_INTENT,results/evaluation/both_lifetimes__fixed__010.json
combined_span,both_lifetimes,11,execution,pass,,results/evaluation/both_lifetimes__fixed__011.json
combined_span,both_lifetimes,11,submission,pass,,results/evaluation/both_lifetimes__fixed__011.json
combined_span,both_lifetimes,11,both,pass,,results/evaluation/both_lifetimes__fixed__011.json
combined_span,both_lifetimes,11,context-only,pass,,results/evaluation/both_lifetimes__fixed__011.json
combined_span,both_lifetimes,11,unknown,inconclusive,UNDECLARED_INTENT,results/evaluation/both_lifetimes__fixed__011.json
combined_span,both_lifetimes,12,execution,pass,,results/evaluation/both_lifetimes__fixed__012.json
combined_span,both_lifetimes,12,submission,pass,,results/evaluation/both_lifetimes__fixed__012.json
combined_span,both_lifetimes,12,both,pass,,results/evaluation/both_lifetimes__fixed__012.json
combined_span,both_lifetimes,12,context-only,pass,,results/evaluation/both_lifetimes__fixed__012.json
combined_span,both_lifetimes,12,unknown,inconclusive,UNDECLARED_INTENT,results/evaluation/both_lifetimes__fixed__012.json
combined_span,both_lifetimes,13,execution,pass,,results/evaluation/both_lifetimes__fixed__013.json
combined_span,both_lifetimes,13,submission,pass,,results/evaluation/both_lifetimes__fixed__013.json
combined_span,both_lifetimes,13,both,pass,,results/evaluation/both_lifetimes__fixed__013.json
combined_span,both_lifetimes,13,context-only,pass,,results/evaluation/both_lifetimes__fixed__013.json
combined_span,both_lifetimes,13,unknown,inconclusive,UNDECLARED_INTENT,results/evaluation/both_lifetimes__fixed__013.json
combined_span,both_lifetimes,14,execution,pass,,results/evaluation/both_lifetimes__fixed__014.json
combined_span,both_lifetimes,14,submission,pass,,results/evaluation/both_lifetimes__fixed__014.json
combined_span,both_lifetimes,14,both,pass,,results/evaluation/both_lifetimes__fixed__014.json
combined_span,both_lifetimes,14,context-only,pass,,results/evaluation/both_lifetimes__fixed__014.json
combined_span,both_lifetimes,14,unknown,inconclusive,UNDECLARED_INTENT,results/evaluation/both_lifetimes__fixed__014.json
combined_span,both_lifetimes,15,execution,pass,,results/evaluation/both_lifetimes__fixed__015.json
combined_span,both_lifetimes,15,submission,pass,,results/evaluation/both_lifetimes__fixed__015.json
combined_span,both_lifetimes,15,both,pass,,results/evaluation/both_lifetimes__fixed__015.json
combined_span,both_lifetimes,15,context-only,pass,,results/evaluation/both_lifetimes__fixed__015.json
combined_span,both_lifetimes,15,unknown,inconclusive,UNDECLARED_INTENT,results/evaluation/both_lifetimes__fixed__015.json
combined_span,both_lifetimes,16,execution,pass,,results/evaluation/both_lifetimes__fixed__016.json
combined_span,both_lifetimes,16,submission,pass,,results/evaluation/both_lifetimes__fixed__016.json
combined_span,both_lifetimes,16,both,pass,,results/evaluation/both_lifetimes__fixed__016.json
combined_span,both_lifetimes,16,context-only,pass,,results/evaluation/both_lifetimes__fixed__016.json
combined_span,both_lifetimes,16,unknown,inconclusive,UNDECLARED_INTENT,results/evaluation/both_lifetimes__fixed__016.json
combined_span,both_lifetimes,17,execution,pass,,results/evaluation/both_lifetimes__fixed__017.json
combined_span,both_lifetimes,17,submission,pass,,results/evaluation/both_lifetimes__fixed__017.json
combined_span,both_lifetimes,17,both,pass,,results/evaluation/both_lifetimes__fixed__017.json
combined_span,both_lifetimes,17,context-only,pass,,results/evaluation/both_lifetimes__fixed__017.json
combined_span,both_lifetimes,17,unknown,inconclusive,UNDECLARED_INTENT,results/evaluation/both_lifetimes__fixed__017.json
combined_span,both_lifetimes,18,execution,pass,,results/evaluation/both_lifetimes__fixed__018.json
combined_span,both_lifetimes,18,submission,pass,,results/evaluation/both_lifetimes__fixed__018.json
combined_span,both_lifetimes,18,both,pass,,results/evaluation/both_lifetimes__fixed__018.json
combined_span,both_lifetimes,18,context-only,pass,,results/evaluation/both_lifetimes__fixed__018.json
combined_span,both_lifetimes,18,unknown,inconclusive,UNDECLARED_INTENT,results/evaluation/both_lifetimes__fixed__018.json
combined_span,both_lifetimes,19,execution,pass,,results/evaluation/both_lifetimes__fixed__019.json
combined_span,both_lifetimes,19,submission,pass,,results/evaluation/both_lifetimes__fixed__019.json
combined_span,both_lifetimes,19,both,pass,,results/evaluation/both_lifetimes__fixed__019.json
combined_span,both_lifetimes,19,context-only,pass,,results/evaluation/both_lifetimes__fixed__019.json
combined_span,both_lifetimes,19,unknown,inconclusive,UNDECLARED_INTENT,results/evaluation/both_lifetimes__fixed__019.json
