observation,declared_role,pass,fail,inconclusive,dominant_codes
execution_span,execution,20,0,0,
execution_span,submission,0,20,0,MISSES_SUBMISSION_START:20
execution_span,both,0,20,0,MISSES_SUBMISSION_START:20
execution_span,context-only,20,0,0,
execution_span,unknown,0,0,20,UNDECLARED_INTENT:20
submission_span,execution,0,20,0,ENDS_BEFORE_EXIT:20
submission_span,submission,20,0,0,
submission_span,both,0,20,0,ENDS_BEFORE_EXIT:20
submission_span,context-only,20,0,0,
submission_span,unknown,0,0,20,UNDECLARED_INTENT:20
combined_span,execution,20,0,0,
combined_span,submission,20,0,0,
combined_span,both,20,0,0,
combined_span,context-only,20,0,0,
combined_span,unknown,0,0,20,UNDECLARED_INTENT:20
